time,open,close,high,low,tick_volume,target_close
2020-02-28,8710.05,8666.0,8898.5,8422.5,277776,8941.0
2020-03-02,8498.61,8941.0,8948.5,8477.5,235380,8740.5
2020-03-03,8908.74,8740.5,8968.0,8646.5,67523,8736.0
2020-03-04,8701.98,8736.0,8847.0,8661.5,56041,9113.5
2020-03-05,8731.25,9113.5,9170.5,8706.47,238101,9130.5
2020-03-06,9083.13,9130.5,9184.42,8993.0,147482,7843.0
2020-03-09,8267.5,7843.0,8288.0,7626.0,302644,7971.0
2020-03-10,7834.42,7971.0,8154.5,7690.46,190897,7858.0
2020-03-11,7978.41,7858.0,8037.89,7578.0,202825,5747.0
2020-03-12,7834.49,5747.0,7985.57,5384.5,323033,5470.0
2020-03-13,5661.92,5470.0,5983.0,3771.5,419985,4895.82
2020-03-16,5211.22,4895.82,5948.0,4417.0,327414,5470.98
2020-03-17,4866.7,5470.98,5502.11,4812.98,163443,5333.95
2020-03-18,5469.45,5333.95,5560.75,5004.98,139237,6244.46
2020-03-19,5331.88,6244.46,6393.72,5259.48,129853,5917.75
2020-03-20,6225.12,5917.75,6917.7,5596.5,181412,6399.9
2020-03-23,5992.69,6399.9,6620.16,5666.34,139524,6748.95
2020-03-24,6344.76,6748.95,6851.22,6335.38,165525,6596.45
2020-03-25,6729.38,6596.45,6980.18,6443.4,152991,6737.0
2020-03-26,6563.28,6737.0,6792.85,6501.52,93543,6678.93
2020-03-27,6737.03,6678.93,6867.68,6575.83,66360,6464.95
2020-03-30,5899.87,6464.95,6519.43,5722.0,74740,6479.97
2020-03-31,6465.1,6479.97,6610.94,6338.76,86098,6352.45
2020-04-01,6458.06,6352.45,6493.43,6147.37,72042,6751.48
2020-04-02,6373.08,6751.48,7251.64,6310.21,107884,6688.4
2020-04-03,6693.47,6688.4,7045.3,6602.82,155313,7232.98
2020-04-06,6730.16,7232.98,7323.88,6720.87,145728,7117.99
2020-04-07,7221.74,7117.99,7467.82,7065.63,138992,7316.44
2020-04-08,7097.68,7316.44,7428.91,7076.35,117811,7295.95
2020-04-09,7321.87,7295.95,7396.37,7098.06,205958,6917.49
2020-04-10,7276.21,6917.49,7324.4,6744.31,241288,6824.97
2020-04-13,7084.29,6824.97,7148.9,6559.62,182878,6869.48
2020-04-14,6851.98,6869.48,6987.79,6766.79,236606,6749.5
2020-04-15,6837.5,6749.5,6939.96,6681.77,160982,7036.82
2020-04-16,6739.59,7036.82,7149.99,6465.6,238304,7060.0
2020-04-17,7017.2,7060.0,7210.56,6987.71,127621,6860.99
2020-04-20,7131.81,6860.99,7225.71,6747.57,108559,6882.99
2020-04-21,6854.72,6882.99,6953.04,6763.75,90691,7119.45
2020-04-22,6868.8,7119.45,7166.87,6819.38,95871,7540.5
2020-04-23,7096.01,7540.5,7762.38,7023.83,102583,7525.99
2020-04-24,7548.46,7525.99,7616.9,7377.42,109391,7705.5
2020-04-27,7633.68,7705.5,7811.71,7587.41,75168,7736.99
2020-04-28,7686.83,7736.99,7793.95,7662.33,70692,8924.92
2020-04-29,7704.39,8924.92,8973.95,7702.72,129021,8815.35
2020-04-30,8784.57,8815.35,9469.78,8396.45,199753,8707.75
2020-05-01,8769.31,8707.75,9067.7,8579.3,176873,8932.55
2020-05-04,8804.08,8932.55,8964.9,8526.65,141577,8965.85
2020-05-05,8907.98,8965.85,9121.68,8746.25,149334,9252.45
2020-05-06,8973.45,9252.45,9400.35,8913.25,159517,9783.35
2020-05-07,9228.54,9783.35,9971.15,9012.55,186237,9989.4
2020-05-08,9748.93,9989.4,10072.5,9721.8,142091,8634.25
2020-05-11,8717.05,8634.25,9175.1,8142.0,208454,8830.5
2020-05-12,8635.29,8830.5,8980.25,8460.9,176137,9304.05
2020-05-13,8794.31,9304.05,9344.25,8732.75,147155,9648.35
2020-05-14,9324.71,9648.35,9921.3,9251.05,229128,9240.4
2020-05-15,9611.02,9240.4,9853.05,9070.75,286830,9681.35
2020-05-18,9714.2,9681.35,9958.55,9412.55,189869,9684.8
2020-05-19,9670.8,9684.8,9894.65,9447.9,156255,9585.25
2020-05-20,9678.8,9585.25,9837.55,9263.35,158284,9064.3
2020-05-21,9557.96,9064.3,9586.05,8784.9,198456,9195.7
2020-05-22,9024.55,9195.7,9265.5,8918.45,145491,8915.38
2020-05-25,8992.52,8915.38,9082.63,8622.2,113680,8863.5
2020-05-26,8903.32,8863.5,9013.5,8690.5,103895,9164.9
2020-05-27,8837.77,9164.9,9227.7,8802.13,99441,9448.88
2020-05-28,9134.9,9448.88,9535.55,9044.15,106441,9411.0
2020-05-29,9427.3,9411.0,9623.25,9314.4,118510,9684.25
2020-06-01,9468.74,9684.25,9699.85,9379.35,97379,9521.45
2020-06-02,9636.83,9521.45,10388.95,9222.3,120469,9579.4
2020-06-03,9494.91,9579.4,9643.8,9370.22,127968,9779.8
2020-06-04,9570.9,9779.8,9887.05,9446.05,126015,9697.4
2020-06-05,9776.1,9697.4,9861.45,9545.25,113274,9698.63
2020-06-08,9686.0,9698.63,9807.84,9638.0,75571,9751.38
2020-06-09,9695.35,9751.38,9888.3,9514.0,101366,9863.4
2020-06-10,9751.25,9863.4,10001.43,9615.5,116215,9330.4
2020-06-11,9869.85,9330.4,9971.15,9001.45,110190,9463.4
2020-06-12,9316.81,9463.4,9553.7,9223.4,80624,9478.85
2020-06-15,9376.4,9478.85,9489.38,8887.1,93083,9491.01
2020-06-16,9492.65,9491.01,9587.6,9378.88,73254,9375.88
2020-06-17,9496.35,9375.88,9561.9,9223.41,69791,9346.13
2020-06-18,9352.19,9346.13,9480.13,9290.15,62939,9302.05
2020-06-19,9302.7,9302.05,9430.25,9212.6,73741,9634.25
2020-06-22,9310.55,9634.25,9664.85,9266.7,66074,9627.38
2020-06-23,9673.3,9627.38,9774.5,9568.25,39252,9283.63
2020-06-24,9611.4,9283.63,9665.88,9182.35,48470,9270.88
2020-06-25,9286.45,9270.88,9319.45,8976.05,43796,9198.88
2020-06-26,9267.0,9198.88,9339.3,9021.65,54602,9176.38
2020-06-29,9095.75,9176.38,9193.63,9012.4,46280,9145.13
2020-06-30,9200.26,9145.13,9234.7,9043.75,52262,9240.13
2020-07-01,9146.7,9240.13,9298.88,9086.38,39775,9080.88
2020-07-02,9236.2,9080.88,9265.63,8928.4,47883,9088.63
2020-07-03,9058.89,9088.63,9149.88,9035.0,29131,9276.88
2020-07-06,9014.84,9276.88,9355.65,8892.15,44602,9256.38
2020-07-07,9272.9,9256.38,9383.35,9198.1,32654,9427.88
2020-07-08,9248.15,9427.88,9474.3,9223.55,42839,9235.13
2020-07-09,9427.1,9235.13,9472.13,9154.6,41130,9232.63
2020-07-10,9241.45,9232.63,9257.38,9110.45,29551,9246.63
2020-07-13,9230.9,9246.63,9342.1,9194.13,30585,9271.63
2020-07-14,9233.9,9271.63,9276.38,9078.15,35698,9211.13
2020-07-15,9259.34,9211.13,9278.0,9147.65,28243,9102.0
2020-07-16,9194.22,9102.0,9229.7,9024.63,34915,9153.38
2020-07-17,9101.45,9153.38,9181.8,9075.85,26489,9172.6
2020-07-20,9177.25,9172.6,9234.05,9125.4,25862,9376.38
2020-07-21,9155.25,9376.38,9440.3,9145.85,31157,9372.25
2020-07-22,9378.65,9372.25,9400.38,9269.7,24813,9592.05
2020-07-23,9351.51,9592.05,9676.0,9351.51,38046,9623.05
2020-07-24,9580.55,9623.05,9634.75,9473.45,32978,10874.45
2020-07-27,9879.15,10874.45,10935.45,9846.14,81386,10982.09
2020-07-28,10851.55,10982.09,11408.4,10577.76,153861,11213.58
2020-07-29,10997.29,11213.58,11301.7,10850.76,87924,11155.38
2020-07-30,11237.5,11155.38,11352.35,10801.81,71729,11347.3
2020-07-31,11150.8,11347.3,11458.13,10973.38,73380,11384.8
2020-08-03,11113.4,11384.8,11483.13,10880.43,76346,11216.06
2020-08-04,11348.31,11216.06,11423.63,10977.08,77305,11696.23
2020-08-05,11182.06,11696.23,11732.14,11078.77,72014,11853.7
2020-08-06,11671.11,11853.7,11914.01,11465.18,88646,11570.17
2020-08-07,11855.46,11570.17,11917.52,11326.42,91687,11866.12
2020-08-10,11666.25,11866.12,12081.38,11432.5,118953,11223.14
2020-08-11,11843.43,11223.14,11941.8,11115.85,141275,11565.63
2020-08-12,11179.83,11565.63,11628.63,11110.14,108229,11640.75
2020-08-13,11534.18,11640.75,11664.38,11264.88,97565,11772.76
2020-08-14,11645.75,11772.76,11863.69,11579.93,82458,12322.21
2020-08-17,11825.52,12322.21,12480.26,11724.0,84812,12021.25
2020-08-18,12318.5,12021.25,12419.63,11842.3,82064,11711.37
2020-08-19,12035.89,11711.37,12096.1,11551.25,98573,11858.77
2020-08-20,11711.12,11858.77,11891.82,11674.13,89022,11642.04
2020-08-21,11841.75,11642.04,11899.0,11588.83,110015,11733.84
2020-08-24,11640.93,11733.84,11830.13,11586.47,50430,11260.5
2020-08-25,11707.37,11260.5,11788.84,11108.26,83284,11502.86
2020-08-26,11254.54,11502.86,11546.58,11242.46,63709,11260.33
2020-08-27,11502.7,11260.33,11595.12,11116.01,85646,11490.68
2020-08-28,11236.36,11490.68,11552.88,11190.01,87088,11675.74
2020-08-31,11608.18,11675.74,11778.15,11572.19,60784,12019.67
2020-09-01,11645.87,12019.67,12058.63,11510.25,75805,11373.63
2020-09-02,11988.22,11373.63,12061.01,11132.31,98894,10778.33
2020-09-03,11337.06,10778.33,11480.67,10449.9,115955,10585.63
2020-09-04,10749.8,10585.63,10800.63,9858.16,128345,10129.88
2020-09-07,10216.82,10129.88,10350.34,9872.61,96395,10016.88
2020-09-08,10171.24,10016.88,10444.63,9916.61,102986,10256.88
2020-09-09,9989.15,10256.88,10349.38,9827.49,85458,10298.63
2020-09-10,10241.72,10298.63,10499.0,10172.11,91542,10322.88
2020-09-11,10301.23,10322.88,10381.88,10199.07,72843,10691.13
2020-09-14,10319.0,10691.13,10757.84,10250.63,72741,10864.13
2020-09-15,10692.31,10864.13,10935.69,10612.4,89904,10989.13
2020-09-16,10847.81,10989.13,11098.63,10659.88,89400,10934.13
2020-09-17,10983.38,10934.13,11045.63,10738.27,96255,10890.13
2020-09-18,10927.7,10890.13,11043.39,10810.38,87605,10478.94
2020-09-21,10850.37,10478.94,10995.67,10274.55,105303,10513.38
2020-09-22,10458.24,10513.38,10533.59,10346.43,78902,10213.47
2020-09-23,10474.4,10213.47,10573.26,10128.36,79844,10636.88
2020-09-24,10237.82,10636.88,10712.49,10187.88,105148,10712.13
2020-09-25,10627.22,10712.13,10787.77,10552.36,126130,10868.88
2020-09-28,10700.42,10868.88,10950.54,10692.89,102898,10755.88
2020-09-29,10853.93,10755.88,10890.63,10613.28,125703,10706.63
2020-09-30,10747.71,10706.63,10863.07,10661.11,82348,10607.63
2020-10-01,10697.84,10607.63,10927.13,10433.67,103875,10538.88
2020-10-02,10616.57,10538.88,10662.38,10369.8,123669,10746.63
2020-10-05,10654.61,10746.63,10774.63,10618.67,69114,10541.99
2020-10-06,10714.48,10541.99,10803.13,10518.49,82460,10666.38
2020-10-07,10523.65,10666.38,10682.63,10498.71,87540,10892.13
2020-10-08,10658.86,10892.13,10957.13,10533.49,96095,11040.63
2020-10-09,10870.39,11040.63,11105.04,10792.8,112578,11566.88
2020-10-12,11265.83,11566.88,11590.88,11168.42,111774,11427.92
2020-10-13,11546.66,11427.92,11724.07,11296.96,113405,11387.38
2020-10-14,11408.68,11387.38,11555.58,11290.9,100535,11540.23
2020-10-15,11364.88,11540.23,11609.96,11205.25,138738,11309.53
2020-10-16,11490.28,11309.53,11547.45,11186.16,119075,11735.12
2020-10-19,11420.55,11735.12,11837.12,11409.18,65766,11903.12
2020-10-20,11719.69,11903.12,12060.97,11680.0,92339,12850.13
2020-10-21,11890.21,12850.13,12926.65,11881.1,135317,13130.28
2020-10-22,12859.64,13130.28,13252.52,12684.01,148880,12943.62
2020-10-23,13120.78,12943.62,13204.63,12727.86,90424,13019.87
2020-10-26,13041.71,13019.87,13251.13,12775.05,100632,13636.46
2020-10-27,13033.59,13636.46,13767.37,12995.46,93402,13209.12
2020-10-28,13638.54,13209.12,13866.87,12885.55,138207,13489.87
2020-10-29,13185.94,13489.87,13657.46,12982.65,150940,13658.48
2020-10-30,13446.81,13658.48,13677.26,13114.21,157515,13620.63
2020-11-02,13804.67,13620.63,13844.87,13211.27,124717,13740.12
2020-11-03,13611.13,13740.12,13805.63,13289.39,115792,13999.25
2020-11-04,13697.55,13999.25,14271.77,13531.19,156597,15259.87
2020-11-05,14015.29,15259.87,15319.62,14006.79,184924,15546.87
2020-11-06,15196.69,15546.87,15979.41,15180.33,194502,15391.37
2020-11-09,15367.09,15391.37,15843.48,14806.01,187315,15394.38
2020-11-10,15351.35,15394.38,15488.22,15083.02,125685,15810.54
2020-11-11,15393.67,15810.54,15991.55,15286.13,194508,16161.01
2020-11-12,15813.11,16161.01,16216.71,15447.82,183586,16305.25
2020-11-13,16196.01,16305.25,16498.13,15962.19,162292,16735.58
2020-11-16,15838.77,16735.58,16893.87,15784.1,176568,17633.15
2020-11-17,16690.58,17633.15,17876.82,16570.13,152111,17794.09
2020-11-18,17543.11,17794.09,18472.53,17222.32,212919,17933.31
2020-11-19,17805.15,17933.31,18181.25,17344.51,151382,18588.12
2020-11-20,17919.84,18588.12,18828.19,17711.45,184507,18426.98
2020-11-23,18575.99,18426.98,18792.12,17956.01,172871,18963.99
2020-11-24,18404.41,18963.99,19444.4,18020.04,171299,18856.1
2020-11-25,18945.88,18856.1,19507.7,18559.0,171808,17090.54
2020-11-26,18857.88,17090.54,18929.51,16151.0,274878,17017.14
2020-11-27,17043.87,17017.14,17464.29,16438.43,281387,19372.95
2020-11-30,18162.93,19372.95,19837.52,18081.48,216016,19072.78
2020-12-01,19298.46,19072.78,19908.78,18079.16,222600,19158.06
2020-12-02,19078.78,19158.06,19343.36,18330.87,173153,19464.62
2020-12-03,19188.06,19464.62,19625.87,18867.04,166535,18807.02
2020-12-04,19462.64,18807.02,19558.86,18689.41,164637,19080.87
2020-12-07,19250.77,19080.87,19436.71,18899.84,167196,18772.43
2020-12-08,19062.55,18772.43,19310.9,18605.99,195256,18508.61
2020-12-09,18811.93,18508.61,18825.57,17628.87,211880,18344.67
2020-12-10,18568.41,18344.67,18642.37,17898.6,236774,18117.58
2020-12-11,18366.28,18117.58,18388.17,17534.7,262144,19192.87
2020-12-14,19160.24,19192.87,19342.12,18968.61,204451,19428.12
2020-12-15,19191.93,19428.12,19566.28,19021.98,187875,21234.0
2020-12-16,19389.75,21234.0,21304.23,19284.46,220362,22769.72
2020-12-17,21287.52,22769.72,23744.76,21204.58,257975,22927.55
2020-12-18,22843.9,22927.55,23288.66,22345.07,208094,23132.68
2020-12-21,23252.38,23132.68,24122.73,21857.5,228454,23432.93
2020-12-22,23097.34,23432.93,23627.51,22372.7,223257,23295.52
2020-12-23,23377.68,23295.52,24077.23,22741.41,219385,23348.61
2020-12-24,23284.37,23348.61,23559.48,22590.96,221035,26626.19
2020-12-28,26327.16,26626.19,27455.92,26075.13,228472,26872.87
2020-12-29,26640.88,26872.87,27187.86,25824.4,228047,28895.68
2020-12-30,26915.41,28895.68,29011.48,26881.24,236474,29007.66
2020-12-31,28896.62,29007.66,29329.39,27893.11,259947,31045.98
2021-01-04,33396.67,31045.98,33670.25,27574.04,353647,33808.8
2021-01-05,30994.24,33808.8,34277.02,29893.96,379922,35850.18
2021-01-06,33983.7,35850.18,36517.98,33346.97,193929,39588.34
2021-01-07,35986.68,39588.34,40428.9,35983.01,217294,39673.01
2021-01-08,39522.6,39673.01,41978.72,36515.64,341048,34034.86
2021-01-11,38173.75,34034.86,39020.16,30281.47,300092,34725.35
2021-01-12,33758.54,34725.35,36635.34,32499.0,191165,37218.68
2021-01-13,34927.99,37218.68,37419.05,32322.0,183444,38827.22
2021-01-14,37593.48,38827.22,40089.39,36719.4,134316,36128.87
2021-01-15,38562.21,36128.87,39684.38,34312.25,209169,36229.46
2021-01-18,36657.19,36229.46,37423.51,34754.0,233459,36473.61
2021-01-19,36351.79,36473.61,37862.69,36014.65,229092,34873.72
2021-01-20,36537.97,34873.72,36766.75,33365.21,250246,31263.35
2021-01-21,34895.4,31263.35,35677.33,30932.32,277737,33282.45
2021-01-22,30777.3,33282.45,33860.51,28792.63,273761,32657.06
2021-01-25,31820.15,32657.06,34885.08,31669.41,246778,31992.5
2021-01-26,32543.8,31992.5,32833.73,30813.92,332040,30896.94
2021-01-27,31968.69,30896.94,32927.5,29146.52,342661,33280.53
2021-01-28,30888.05,33280.53,33342.04,29865.47,275120,34572.07
2021-01-29,33404.73,34572.07,38624.04,31978.1,309127,33668.76
2021-02-01,32673.47,33668.76,34704.38,32319.27,365776,35702.0
2021-02-02,33614.76,35702.0,36005.17,33410.74,336314,37274.51
2021-02-03,35687.47,37274.51,37462.75,35377.26,260589,37700.13
2021-02-04,37285.68,37700.13,38754.51,36165.49,190922,37850.95
2021-02-05,37649.38,37850.95,38349.98,36589.04,200247,44810.92
2021-02-08,38507.41,44810.92,44831.92,38037.44,229506,47381.02
2021-02-09,44853.79,47381.02,48219.97,44301.79,230543,45019.73
2021-02-10,46995.25,45019.73,47392.26,43723.61,165967,46943.47
2021-02-11,44973.59,46943.47,48677.7,43999.0,164360,47911.65
2021-02-12,47147.18,47911.65,48957.16,46167.5,170634,48166.14
2021-02-15,48868.72,48166.14,49319.81,45762.95,162367,48606.83
2021-02-16,48054.51,48606.83,50599.41,47006.53,212123,52309.29
2021-02-17,48540.0,52309.29,52651.0,48514.89,195669,52071.25
2021-02-18,52312.01,52071.25,52556.64,50797.49,147905,55504.88
2021-02-19,52060.48,55504.88,56357.47,50691.03,174955,54883.32
2021-02-22,57460.85,54883.32,57633.99,47149.0,224191,48077.02
2021-02-23,54978.02,48077.02,55027.93,44842.09,298562,48744.35
2021-02-24,47811.08,48744.35,51394.14,46951.68,293698,48181.41
2021-02-25,48420.88,48181.41,52069.43,48023.14,314470,45943.36
2021-02-26,48009.0,45943.36,48808.59,44095.12,345759,48844.42
2021-03-01,45259.96,48844.42,49540.89,44849.42,294407,47430.52
2021-03-02,48816.35,47430.52,50239.87,47002.32,254820,50891.91
2021-03-03,47486.45,50891.91,52615.61,47485.64,222559,47897.44
2021-03-04,50787.22,47897.44,51781.39,47413.81,238503,49106.59
2021-03-05,48145.38,49106.59,49453.13,46230.43,204863,51868.58
2021-03-08,50036.46,51868.58,51994.54,49283.57,199127,54301.76
2021-03-09,51720.79,54301.76,54801.01,51348.07,202028,56910.24
2021-03-10,54342.76,56910.24,57395.91,52932.45,191414,57684.48
2021-03-11,56963.57,57684.48,57938.07,54241.53,186619,56818.75
2021-03-12,57657.5,56818.75,58135.65,54997.96,205086,56368.95
2021-03-15,60419.49,56368.95,60746.85,54508.63,221698,56351.87
2021-03-16,56459.14,56351.87,56962.07,53167.28,234486,57843.25
2021-03-17,56368.82,57843.25,58313.31,54093.55,230759,57502.08
2021-03-18,57828.6,57502.08,60074.09,56916.12,200830,58236.92
2021-03-19,57610.96,58236.92,59450.86,56232.18,206212,54600.64
2021-03-22,57935.84,54600.64,58424.48,54135.76,205490,54325.81
2021-03-23,54813.84,54325.81,55853.34,52933.38,260548,54156.95
2021-03-24,54420.19,54156.95,57204.04,53171.64,263205,51973.98
2021-03-25,53821.69,51973.98,54205.63,50372.86,271849,54096.17
2021-03-26,52200.76,54096.17,54286.74,51207.17,179906,57156.46
2021-03-29,54962.3,57156.46,58367.86,54787.06,106854,58623.0
2021-03-30,57320.92,58623.0,59402.61,56999.13,109083,58907.83
2021-03-31,58668.99,58907.83,59803.28,56793.69,122874,58823.31
2021-04-01,59015.74,58823.31,59491.81,57874.86,132551,58686.75
2021-04-02,58845.83,58686.75,60087.01,58419.46,137681,58795.75
2021-04-05,58018.33,58795.75,59266.25,56793.6,162619,58241.25
2021-04-06,58787.89,58241.25,59478.75,57304.45,169315,56148.49
2021-04-07,58198.27,56148.49,58652.37,55429.46,166322,57665.0
2021-04-08,56156.07,57665.0,58160.5,55686.77,138964,58293.0
2021-04-09,57575.41,58293.0,58895.2,57433.34,119590,59965.96
2021-04-12,59578.8,59965.96,61202.75,59371.25,121733,63197.0
2021-04-13,59912.31,63197.0,63732.66,59703.3,155272,62332.52
2021-04-14,63162.46,62332.52,64894.25,61239.98,232203,63370.34
2021-04-15,62527.77,63370.34,63659.68,62016.46,192278,61932.49
2021-04-16,63455.5,61932.49,63834.1,60004.45,214910,56169.01
2021-04-19,56211.88,56169.01,57607.81,54285.17,210243,56813.99
2021-04-20,56293.68,56813.99,57087.51,53389.39,225949,55031.12
2021-04-21,56774.68,55031.12,57094.51,54298.43,204756,51813.66
2021-04-22,55035.03,51813.66,55458.32,51399.17,219148,50607.33
2021-04-23,51162.76,50607.33,52207.48,47302.86,267971,53274.45
2021-04-26,47957.86,53274.45,54402.0,47009.18,326543,55100.25
2021-04-27,52813.04,55100.25,55402.0,52601.9,264609,54393.63
2021-04-28,55008.27,54393.63,56466.15,53854.0,258746,52982.99
2021-04-29,54234.72,52982.99,55233.58,52375.08,262419,56770.61
2021-04-30,52938.36,56770.61,57408.39,52771.55,232467,56835.99
2021-05-03,57138.63,56835.99,58986.8,56253.89,193927,54812.11
2021-05-04,56839.86,54812.11,57530.56,53228.78,248524,56843.79
2021-05-05,54490.02,56843.79,57960.92,52893.9,241397,55955.89
2021-05-06,56863.27,55955.89,58389.64,55206.63,205270,57532.27
2021-05-07,56046.73,57532.27,58744.18,55264.75,247311,55278.07
2021-05-10,57999.27,55278.07,59624.6,53478.03,268043,56912.0
2021-05-11,55621.19,56912.0,56963.5,54465.48,260613,54489.13
2021-05-12,56882.76,54489.13,58038.27,53543.63,219417,49223.6
2021-05-13,54421.31,49223.6,54816.77,45319.61,276156,49257.17
2021-05-14,49084.99,49257.17,51598.96,48377.91,226675,44842.94
2021-05-17,44656.4,44842.94,46634.28,42051.83,296576,43282.7
2021-05-18,44434.45,43282.7,45833.99,42375.42,304397,38391.41
2021-05-19,43395.0,38391.41,43593.48,28469.43,331985,40033.87
2021-05-20,38696.63,40033.87,42539.02,34862.71,334045,35286.38
2021-05-21,39957.55,35286.38,42311.31,35248.0,299758,38991.13
2021-05-24,33851.4,38991.13,39932.58,33631.42,336779,37655.01
2021-05-25,39188.39,37655.01,39856.68,36486.0,326373,38711.22
2021-05-26,37602.94,38711.22,40920.51,37436.23,303097,38458.26
2021-05-27,38775.58,38458.26,40434.01,37185.54,313426,35275.42
2021-05-28,38196.12,35275.42,39189.41,35114.65,345853,36648.26
2021-05-31,36008.62,36648.26,37487.99,34168.48,278476,36324.76
2021-06-01,36747.68,36324.76,37912.26,35660.01,297791,37758.26
2021-06-02,36246.86,37758.26,38238.01,35899.29,240837,38668.26
2021-06-03,37754.33,38668.26,39489.26,37172.52,243406,36984.01
2021-06-04,38903.22,36984.01,39290.99,35543.33,253181,34468.82
2021-06-07,35819.51,34468.82,36811.93,34002.0,229576,33642.75
2021-06-08,34563.82,33642.75,34568.82,30986.17,313558,36399.86
2021-06-09,33566.46,36399.86,36988.55,32421.25,319689,36419.71
2021-06-10,36396.92,36419.71,38454.12,35799.0,301759,37230.25
2021-06-11,36373.63,37230.25,37697.13,35899.97,271417,39815.51
2021-06-14,39078.83,39815.51,41066.05,38680.08,302820,39956.01
2021-06-15,40204.38,39956.01,41320.55,39490.53,309233,38523.81
2021-06-16,39910.02,38523.81,40505.38,38266.19,270714,37743.59
2021-06-17,38502.82,37743.59,39564.55,37348.09,223473,35422.95
2021-06-18,37654.59,35422.95,38203.36,35120.62,163054,32578.81
2021-06-21,35708.48,32578.81,35824.81,31661.95,231982,32865.24
2021-06-22,32345.59,32865.24,33307.92,28796.0,272277,33050.3
2021-06-23,32738.24,33050.3,34830.36,31704.25,248547,34858.76
2021-06-24,33213.33,34858.76,35263.04,32313.99,222247,32175.62
2021-06-25,34757.72,32175.62,35494.37,31446.94,236725,34696.08
2021-06-28,32666.75,34696.08,35297.03,32370.88,198367,36141.27
2021-06-29,34605.08,36141.27,36634.33,34088.6,212785,34563.63
2021-06-30,36196.97,34563.63,36315.27,34028.84,207884,33392.26
2021-07-01,34652.15,33392.26,35216.15,32682.4,213789,33085.51
2021-07-02,33451.84,33085.51,33974.88,32696.0,249049,33841.65
2021-07-05,35537.43,33841.65,35943.33,33078.13,176823,33942.01
2021-07-06,33911.46,33942.01,35117.72,33521.33,174981,34546.76
2021-07-07,33836.64,34546.76,35067.01,33600.06,153278,32790.26
2021-07-08,34473.0,32790.26,34544.51,32062.8,183679,33512.53
2021-07-09,32836.95,33512.53,33689.51,32248.07,169823,32839.0
2021-07-12,33796.26,32839.0,34679.38,32639.6,114038,32512.14
2021-07-13,32799.33,32512.14,33337.11,32182.3,101045,32798.83
2021-07-14,32578.44,32798.83,33095.34,31574.86,111919,31726.04
2021-07-15,32813.33,31726.04,33181.55,31118.92,111720,31852.88
2021-07-16,31723.56,31852.88,32253.57,31014.27,135365,30760.66
2021-07-19,31606.61,30760.66,31919.51,30400.08,125293,29847.76
2021-07-20,30790.66,29847.76,31053.93,29266.91,126258,31838.21
2021-07-21,29878.32,31838.21,32810.42,29484.17,133196,32243.97
2021-07-22,31705.21,32243.97,32599.4,31622.17,137917,32487.49
2021-07-23,32252.32,32487.49,32930.36,31983.78,92064,37585.3
2021-07-26,34455.38,37585.3,40555.65,34444.46,172537,37989.26
2021-07-27,37358.8,37989.26,38788.75,36389.26,174072,40066.14
2021-07-28,38026.91,40066.14,40942.03,37944.34,198451,39710.94
2021-07-29,39975.21,39710.94,40643.01,39241.04,149815,40989.45
2021-07-30,39688.44,40989.45,41637.36,38302.23,119076,38831.31
2021-08-02,41081.78,38831.31,41301.18,38660.61,145755,38095.41
2021-08-03,38927.77,38095.41,39775.68,37566.0,133513,39691.41
2021-08-04,38061.91,39691.41,39860.01,37416.05,127423,40897.19
2021-08-05,39800.43,40897.19,41391.4,37211.7,144850,42678.53
2021-08-06,40932.69,42678.53,43382.84,39832.96,168665,45468.1
2021-08-09,43934.8,45468.1,46496.86,42768.91,163692,45617.31
2021-08-10,45573.35,45617.31,46723.73,44641.81,169017,46326.76
2021-08-11,45650.92,46326.76,46782.09,45230.48,150196,44407.18
2021-08-12,46088.6,44407.18,46381.39,43773.0,158315,47564.91
2021-08-13,44251.68,47564.91,47899.25,43874.98,143208,46029.26
2021-08-16,46786.29,46029.26,48064.49,45655.72,172181,44993.79
2021-08-17,46105.22,44993.79,47174.26,44514.61,181158,44567.7
2021-08-18,44962.79,44567.7,46033.51,44195.03,191083,46579.96
2021-08-19,44703.11,46579.96,46889.76,43929.13,210769,48701.26
2021-08-20,46551.46,48701.26,49122.51,46326.74,174252,49481.99
2021-08-23,48302.58,49481.99,50515.34,48246.28,181334,48328.76
2021-08-24,49596.7,48328.76,49883.26,47712.44,175459,48718.76
2021-08-25,48295.27,48718.76,49167.06,47111.38,176577,47004.42
2021-08-26,48730.79,47004.42,49367.76,46296.0,191250,48873.65
2021-08-27,47103.92,48873.65,49198.0,46351.58,166161,48659.78
2021-08-30,48951.45,48659.78,49422.17,47393.46,145573,46967.51
2021-08-31,48632.28,46967.51,48637.78,46676.6,167306,48246.94
2021-09-01,46896.0,48246.94,49106.13,46503.72,146636,49557.51
2021-09-02,48273.94,49557.51,50383.26,48222.94,142430,50190.26
2021-09-03,49615.76,50190.26,51086.26,48315.13,168543,51921.82
2021-09-06,51495.8,51921.82,52221.76,50996.0,144517,46787.31
2021-09-07,51990.32,46787.31,52954.73,42635.92,201116,46105.87
2021-09-08,46836.31,46105.87,47395.32,44405.89,207582,46268.26
2021-09-09,46163.37,46268.26,47404.26,45459.32,205625,45139.51
2021-09-10,46215.89,45139.51,47037.26,44704.8,176252,45086.34
2021-09-13,45001.66,45086.34,46875.7,43335.26,213747,46822.01
2021-09-14,45312.61,46822.01,46983.18,44631.0,186677,47929.32
2021-09-15,46769.87,47929.32,48455.23,46367.94,172488,47060.96
2021-09-16,47936.49,47060.96,48511.8,47002.71,135751,47154.39
2021-09-17,47252.46,47154.39,48164.49,46696.55,117852,43497.51
2021-09-20,47637.86,43497.51,47674.13,42414.62,174570,40952.04
2021-09-21,43514.26,40952.04,43920.72,40067.48,185968,43430.32
2021-09-22,40583.54,43430.32,44026.67,39527.42,189512,44660.76
2021-09-23,43405.82,44660.76,44949.25,43007.85,138045,42895.04
2021-09-24,44724.26,42895.04,45154.46,40647.54,192442,42702.85
2021-09-27,43553.64,42702.85,44359.1,42585.34,148013,41762.73
2021-09-28,42748.85,41762.73,43420.03,41110.69,212664,41100.56
2021-09-29,41844.19,41100.56,42589.26,40734.11,185274,43390.45
2021-09-30,41227.7,43390.45,44099.98,40943.59,186659,48029.0
2021-10-01,43467.5,48029.0,48212.76,43262.33,162317,49016.87
2021-10-04,48253.94,49016.87,49515.91,46903.75,262723,51385.5
2021-10-05,49102.68,51385.5,51793.79,48555.1,286141,54852.8
2021-10-06,51387.12,54852.8,55416.2,50406.0,313954,54204.5
2021-10-07,54969.27,54204.5,55777.7,53359.67,323182,53928.04
2021-10-08,54231.82,53928.04,56155.59,53592.9,277803,57381.26
2021-10-11,54746.33,57381.26,57839.08,54347.44,249676,55370.51
2021-10-12,57111.57,55370.51,57683.67,53715.79,219742,56964.97
2021-10-13,55103.55,56964.97,57492.83,54180.47,200880,57475.01
2021-10-14,57017.54,57475.01,58553.51,56729.61,195268,62316.99
2021-10-15,57476.72,62316.99,62872.5,56852.76,197451,61411.76
2021-10-18,59578.8,61411.76,62674.26,59553.3,212669,64113.81
2021-10-19,61207.44,64113.81,64364.39,61102.94,185118,65974.26
2021-10-20,64006.31,65974.26,67029.75,63514.56,174223,62709.51
2021-10-21,65816.47,62709.51,66662.65,61882.34,212359,60772.51
2021-10-22,62828.66,60772.51,63759.88,59944.76,263802,62528.31
2021-10-25,61212.99,62528.31,63730.51,60637.85,219005,62042.34
2021-10-26,62609.31,62042.34,63286.54,61749.74,183258,58968.06
2021-10-27,61930.84,58968.06,62016.75,57984.47,261600,61424.59
2021-10-28,58897.36,61424.59,62512.44,57689.92,255507,62357.51
2021-10-29,60794.7,62357.51,62981.73,60136.83,227971,60650.98
2021-11-01,60954.67,60650.98,62490.38,59363.59,231174,63125.65
2021-11-02,60552.48,63125.65,64307.76,60432.05,215564,62768.19
2021-11-03,63082.71,62768.19,63555.37,60178.51,116350,61373.08
2021-11-04,62843.19,61373.08,63235.61,60669.42,92467,60946.67
2021-11-05,61366.08,60946.67,62621.22,60763.0,85981,66144.69
2021-11-08,62997.1,66144.69,66553.08,62777.63,94623,67758.86
2021-11-09,66145.86,67758.86,68515.21,66079.06,82628,64361.36
2021-11-10,67617.16,64361.36,69036.84,62796.0,92619,65019.2
2021-11-11,64120.04,65019.2,65593.27,64089.04,91405,64065.99
2021-11-12,64943.82,64065.99,65492.96,62286.22,144723,63882.33
2021-11-15,64439.97,63882.33,66338.42,63370.35,126501,60544.4
2021-11-16,63747.92,60544.4,64018.93,58558.77,223749,60053.6
2021-11-17,60585.2,60053.6,61162.0,58367.06,143461,57549.69
2021-11-18,60109.2,57549.69,60962.86,56596.49,135437,57908.69
2021-11-19,57358.33,57908.69,58385.51,55599.34,140836,56246.75
2021-11-22,59424.06,56246.75,59557.62,55609.63,200237,57661.94
2021-11-23,56408.25,57661.94,57871.74,55346.1,167281,57316.29
2021-11-24,57670.46,57316.29,57750.66,55857.67,110880,58829.84
2021-11-25,57380.52,58829.84,59452.75,56838.61,99680,54222.09
2021-11-26,58821.35,54222.09,59347.81,53498.18,155340,58260.61
2021-11-29,56523.91,58260.61,58902.16,56064.88,114331,57111.06
2021-11-30,58353.62,57111.06,59239.84,55903.69,155014,57000.35
2021-12-01,57174.85,57000.35,59088.66,56448.61,127246,56902.43
2021-12-02,57119.31,56902.43,57413.16,55809.96,116727,53721.05
2021-12-03,56784.53,53721.05,57673.66,51516.0,124687,49965.37
2021-12-06,49089.69,49965.37,50578.95,46874.0,145326,50517.47
2021-12-07,50185.13,50517.47,51955.91,50094.94,102460,50602.97
2021-12-08,50393.47,50602.97,51238.17,48621.58,106765,47965.24
2021-12-09,50652.47,47965.24,50832.09,47322.05,115459,47951.97
2021-12-10,48238.24,47951.97,50104.6,47238.53,120790,46864.63
2021-12-13,49974.16,46864.63,50376.2,45669.09,122270,48249.58
2021-12-14,46714.42,48249.58,48653.67,46273.27,121129,49188.85
2021-12-15,48221.58,49188.85,49504.5,46542.41,119860,48131.04
2021-12-16,49129.54,48131.04,49437.74,47654.42,88116,46983.53
2021-12-17,47827.54,46983.53,48010.01,45422.97,107120,46985.96
2021-12-20,46817.03,46985.96,47556.46,45556.41,111788,49045.32
2021-12-21,47051.72,49045.32,49335.85,46644.67,90404,49051.44
2021-12-22,49045.37,49051.44,49571.71,48433.76,79749,50809.29
2021-12-23,49023.37,50809.29,51371.95,48009.58,84184,51007.64
2021-12-24,50785.79,51007.64,51905.29,50414.65,84795,50955.63
2021-12-27,50911.13,50955.63,52109.69,50444.64,77316,47562.31
2021-12-28,51086.72,47562.31,51227.96,47295.71,116737,47196.7
2021-12-29,47605.43,47196.7,48158.54,46568.45,94587,47228.26
2021-12-30,47115.7,47228.26,47922.76,45856.91,88680,46252.29
2021-12-31,47279.76,46252.29,48596.17,45636.0,100115,46012.79
2022-01-03,47096.75,46012.79,47579.18,45669.51,99364,46281.57
2022-01-04,46037.25,46281.57,47521.6,45516.13,89913,43633.57
2022-01-05,46119.89,43633.57,47063.68,43352.65,100549,43094.37
2022-01-06,43655.07,43094.37,43787.51,42396.46,129476,41867.26
2022-01-07,43125.87,41867.26,43234.05,40596.0,129804,41684.02
2022-01-10,42310.03,41684.02,42492.95,39636.02,122675,42669.37
2022-01-11,41794.88,42669.37,43110.22,41251.5,99433,43806.92
2022-01-12,42639.36,43806.92,44346.13,42457.17,91863,42835.82
2022-01-13,43785.92,42835.82,44451.12,42304.29,94193,43345.06
2022-01-14,42815.32,43345.06,43431.67,41762.99,93154,41734.71
2022-01-17,43074.67,41734.71,43292.42,41594.15,81883,42387.24
2022-01-18,41630.21,42387.24,42497.01,41261.7,102446,41728.01
2022-01-19,42294.24,41728.01,42678.2,41126.97,98527,41365.95
2022-01-20,41697.01,41365.95,43504.87,41298.19,86507,36610.72
2022-01-21,41399.06,36610.72,41513.72,36106.03,178334,36808.57
2022-01-24,35346.36,36808.57,37549.35,32902.52,201026,36608.51
2022-01-25,36761.07,36608.51,37561.36,35697.72,154417,36349.16
2022-01-26,36605.01,36349.16,38921.08,36314.45,146860,36201.02
2022-01-27,36424.49,36201.02,37218.17,35494.73,136384,37859.15
2022-01-28,36150.73,37859.15,38015.6,35908.5,134380,38411.43
2022-01-31,37769.25,38411.43,38762.9,36634.08,99022,38718.27
2022-02-01,38472.93,38718.27,39287.42,37981.44,111681,36862.3
2022-02-02,38847.12,36862.3,38911.39,36573.65,113848,36949.37
2022-02-03,36924.42,36949.37,37241.92,36262.89,111193,40602.88
2022-02-04,36869.87,40602.88,40914.61,36796.47,107782,44031.49
2022-02-07,41712.17,44031.49,44547.96,41485.93,110029,44242.06
2022-02-08,44067.39,44242.06,45513.62,42689.72,110569,44484.97
2022-02-09,44167.65,44484.97,44848.59,43130.46,83217,43720.15
2022-02-10,44475.97,43720.15,45835.21,43178.46,118119,42540.25
2022-02-11,43711.65,42540.25,44080.52,42035.93,123359,42260.08
2022-02-14,42253.45,42260.08,42857.52,41534.0,97463,43995.82
2022-02-15,42290.08,43995.82,44535.51,42278.34,89473,44068.92
2022-02-16,44006.83,44068.92,44772.18,43318.51,93466,40692.15
2022-02-17,44026.15,40692.15,44206.03,40058.52,114404,40011.26
2022-02-18,40631.19,40011.26,40984.36,39424.88,110473,37221.71
2022-02-21,38294.98,37221.71,39495.75,37064.39,143585,37898.27
2022-02-22,36948.19,37898.27,38310.83,36337.5,155712,37566.13
2022-02-23,37926.27,37566.13,39255.27,37387.35,104638,38378.82
2022-02-24,37545.52,38378.82,39753.02,34313.28,193580,39024.01
2022-02-25,38282.87,39024.01,39695.48,37753.37,137212,41636.1
2022-02-28,37477.22,41636.1,41958.17,37302.99,146157,43864.35
2022-03-01,41681.6,43864.35,44981.83,41665.8,138452,43925.82
2022-03-02,43781.84,43925.82,45285.6,43326.17,123185,42102.49
2022-03-03,44126.47,42102.49,44341.1,41786.91,107078,39379.51
2022-03-04,42409.49,39379.51,42691.57,39052.76,126154,37828.69
2022-03-07,39066.11,37828.69,39539.93,37148.71,132086,38518.33
2022-03-08,37946.96,38518.33,39371.04,37846.0,139766,41901.55
2022-03-09,38520.83,41901.55,42583.29,38492.16,102530,39294.59
2022-03-10,41927.05,39294.59,42142.45,38515.3,118585,38823.3
2022-03-11,39142.91,38823.3,40253.51,38220.45,106321,38694.37
2022-03-14,38675.0,38694.37,39299.55,37521.42,94502,39387.01
2022-03-15,38635.63,39387.01,39907.2,38079.62,95720,41236.07
2022-03-16,39351.51,41236.07,41684.9,38785.31,125360,40701.53
2022-03-17,41296.57,40701.53,41485.89,40485.55,73575,41877.5
2022-03-18,40663.53,41877.5,42339.02,40147.89,75390,41175.45
2022-03-21,41155.84,41175.45,41556.75,40496.0,78584,42606.17
2022-03-22,41081.07,42606.17,43362.46,40866.27,75181,42344.79
2022-03-23,42594.82,42344.79,42898.58,41728.08,73103,43897.88
2022-03-24,42301.3,43897.88,44239.53,42232.63,76300,44567.36
2022-03-25,43859.38,44567.36,45130.66,43571.54,83211,47946.63
2022-03-28,45986.61,47946.63,48227.21,45837.21,82860,47446.18
2022-03-29,48034.18,47446.18,48149.24,46887.59,76431,47265.21
2022-03-30,47505.68,47265.21,47716.05,46505.42,71420,45750.77
2022-03-31,47192.49,45750.77,47619.64,45488.57,87132,46133.43
2022-04-01,45706.27,46133.43,46729.15,44206.36,94749,46300.13
2022-04-04,46369.96,46300.13,47442.23,45107.25,102499,45694.67
2022-04-05,46418.63,45694.67,47194.55,45461.46,80207,43875.16
2022-04-06,45835.96,43875.16,46052.79,43165.58,115851,43555.85
2022-04-07,43800.23,43555.85,44017.76,42706.42,104472,42801.76
2022-04-08,43496.89,42801.76,43984.38,42382.63,111971,39833.11
2022-04-11,43102.25,39833.11,43193.54,39439.48,141612,39509.81
2022-04-12,39856.61,39509.81,40700.69,39183.06,117016,41233.23
2022-04-13,39535.31,41233.23,41559.72,39476.49,99692,39872.57
2022-04-14,41225.73,39872.57,41501.51,39527.78,124239,40380.98
2022-04-15,39839.34,40380.98,40829.47,39760.72,55766,40652.31
2022-04-18,40218.72,40652.31,41016.21,38523.22,90547,41279.17
2022-04-19,40755.31,41279.17,41762.9,40569.49,76750,41432.51
2022-04-20,41266.17,41432.51,42202.95,40850.73,75085,40623.14
2022-04-21,41378.04,40623.14,42989.71,40517.32,98269,39575.56
2022-04-22,40632.14,39575.56,40837.4,39142.44,102311,40126.94
2022-04-25,39482.12,40126.94,40384.36,38165.42,119781,38083.44
2022-04-26,40104.44,38083.44,40800.41,37668.35,115700,39086.79
2022-04-27,38020.73,39086.79,39462.52,37672.36,100106,39897.5
2022-04-28,39118.79,39897.5,40386.0,38865.55,109833,38566.76
2022-04-29,39885.13,38566.76,39985.51,38151.73,115192,38313.91
2022-05-02,38381.15,38313.91,39161.21,38034.07,147663,37607.71
2022-05-03,38282.98,37607.71,38907.42,37493.31,104731,39782.92
2022-05-04,37713.45,39782.92,40024.0,37607.54,124395,36379.74
2022-05-05,39787.64,36379.74,39877.98,35576.0,116172,36079.1
2022-05-06,36396.91,36079.1,36649.79,35223.31,160114,31039.49
2022-05-09,34216.72,31039.49,34452.86,30296.0,187085,30925.91
2022-05-10,30935.49,30925.91,32635.76,29710.79,203166,28188.31
2022-05-11,30973.91,28188.31,32144.83,28100.81,242413,28549.13
2022-05-12,28744.39,28549.13,30070.04,25244.46,274090,29739.16
2022-05-13,28394.58,29739.16,30988.06,27919.59,194609,29876.96
2022-05-16,31028.8,29876.96,31390.33,29026.7,139541,30070.36
2022-05-17,29989.17,30070.36,30751.75,29381.07,119907,29179.77
2022-05-18,30144.36,29179.77,30677.08,28691.87,133893,30197.92
2022-05-19,29175.58,30197.92,30507.53,28594.56,128785,29123.65
2022-05-20,30183.69,29123.65,30724.5,28690.85,133779,29278.64
2022-05-23,29876.46,29278.64,30636.87,29000.33,128063,29416.35
2022-05-24,29249.14,29416.35,29597.75,28607.89,118308,29752.45
2022-05-25,29407.94,29752.45,30191.76,29291.25,111753,29441.96
2022-05-26,29742.95,29441.96,29846.88,27954.39,121680,28752.76
2022-05-27,29463.96,28752.76,29657.57,28236.68,129449,31247.46
2022-05-30,29117.12,31247.46,31386.71,29117.12,81074,31764.98
2022-05-31,31216.33,31764.98,32370.43,31192.83,106433,29664.54
2022-06-01,31744.02,29664.54,31955.47,29261.46,115535,30228.68
2022-06-02,29679.1,30228.68,30376.57,29480.61,100679,29653.26
2022-06-03,30216.17,29653.26,30673.26,29219.14,102180,31440.73
2022-06-06,29858.34,31440.73,31733.26,29778.28,107196,31316.93
2022-06-07,31443.79,31316.93,31560.58,29154.51,137279,30179.51
2022-06-08,31314.43,30179.51,31505.57,29813.96,133570,30136.47
2022-06-09,30296.79,30136.47,30679.25,29904.3,102164,29178.26
2022-06-10,30125.47,29178.26,30343.8,28810.04,115771,23216.0
2022-06-13,27325.29,23216.0,27491.78,22535.66,277406,21967.27
2022-06-14,23296.43,21967.27,23305.93,20798.04,250572,21631.06
2022-06-15,22030.77,21631.06,22350.28,20009.52,244235,20638.8
2022-06-16,21616.92,20638.8,22955.26,20441.93,258688,20589.26
2022-06-17,20723.8,20589.26,21326.0,20182.43,220091,20409.34
2022-06-20,20467.81,20409.34,21036.95,19610.36,212169,20824.92
2022-06-21,20496.84,20824.92,21695.73,20232.01,168299,19866.92
2022-06-22,20872.36,19866.92,21016.39,19727.17,172808,20768.38
2022-06-23,19899.42,20768.38,21094.81,19810.28,160411,21231.94
2022-06-24,20773.38,21231.94,21437.13,20638.11,158497,20898.51
2022-06-27,21351.8,20898.51,21512.25,20478.28,139316,20224.75
2022-06-28,20872.44,20224.75,21188.23,20174.87,133693,20169.07
2022-06-29,20264.71,20169.07,20430.21,19819.18,150317,18713.19
2022-06-30,20160.65,18713.19,20325.5,18574.78,164865,19389.94
2022-07-01,18754.69,19389.94,20859.18,18709.09,180216,19705.91
2022-07-04,19410.01,19705.91,20092.75,19019.41,161993,20465.21
2022-07-05,19715.91,20465.21,20718.64,19274.37,187781,20387.95
2022-07-06,20433.24,20387.95,20463.24,19733.75,173502,21597.13
2022-07-07,20351.45,21597.13,21823.79,20227.6,158966,21849.75
2022-07-08,21592.13,21849.75,22475.8,21162.21,193550,20379.6
2022-07-11,21078.75,20379.6,21164.63,20235.4,202162,19431.75
2022-07-12,20348.64,19431.75,20407.0,19250.87,213645,19650.0
2022-07-13,19382.07,19650.0,20071.92,18873.73,214811,20666.0
2022-07-14,19649.68,20666.0,20875.07,19594.02,214484,20929.5
2022-07-15,20659.41,20929.5,21188.25,20362.54,213560,21510.5
2022-07-18,20947.44,21510.5,22746.06,20737.99,238368,23306.1
2022-07-19,21460.13,23306.1,23701.74,21431.5,223658,23289.41
2022-07-20,23291.6,23289.41,24276.86,22895.81,221425,23146.75
2022-07-21,23303.91,23146.75,23780.36,22330.06,208498,22550.64
2022-07-22,23083.25,22550.64,23753.03,22492.76,191162,22161.25
2022-07-25,22742.16,22161.25,23011.13,21549.04,175470,20961.61
2022-07-26,22131.32,20961.61,22164.75,20705.32,168570,22775.0
2022-07-27,21009.19,22775.0,23106.74,20808.68,167576,24020.41
2022-07-28,22691.33,24020.41,24203.78,22573.51,178717,23932.28
2022-07-29,24087.91,23932.28,24436.26,23425.25,174697,23041.75
2022-08-01,23788.99,23041.75,23819.74,22845.58,191077,23025.75
2022-08-02,23092.48,23025.75,23459.11,22649.41,211987,23333.0
2022-08-03,23013.1,23333.0,23639.0,22685.75,173556,22499.0
2022-08-04,23361.06,22499.0,23361.9,22376.56,192859,22962.75
2022-08-05,22532.41,22962.75,23463.39,22437.62,169829,24092.25
2022-08-08,23326.58,24092.25,24244.75,23054.69,188423,23143.55
2022-08-09,24000.85,23143.55,24017.85,22858.68,161803,23885.26
2022-08-10,23177.9,23885.26,24190.11,22653.08,163036,24232.5
2022-08-11,23818.48,24232.5,24916.99,23771.26,168526,24195.32
2022-08-12,24199.88,24195.32,24320.3,23585.75,157828,24078.5
2022-08-15,24267.7,24078.5,25213.47,23875.74,183103,23989.75
2022-08-16,24066.94,23989.75,24247.0,23658.0,267149,23418.75
2022-08-17,23976.38,23418.75,24442.0,23172.75,263789,23421.12
2022-08-18,23351.32,23421.12,23591.75,23226.96,289983,21271.5
2022-08-19,23411.07,21271.5,23423.75,21140.6,357085,21092.0
2022-08-22,21525.28,21092.0,21702.83,20887.37,213098,21480.25
2022-08-23,21087.29,21480.25,21680.0,20885.8,220753,21697.25
2022-08-24,21485.54,21697.25,21898.45,21145.5,209560,21638.0
2022-08-25,21678.02,21638.0,21808.75,21302.75,202135,20647.75
2022-08-26,21647.58,20647.75,21873.53,20530.77,189854,20163.25
2022-08-29,19982.97,20163.25,20417.5,19510.82,213037,19956.75
2022-08-30,20154.57,19956.75,20572.25,19534.25,237581,20209.25
2022-08-31,19925.62,20209.25,20489.53,19744.0,257067,20072.0
2022-09-01,20168.48,20072.0,20286.34,19555.25,342384,19908.75
2022-09-02,20041.98,19908.75,20437.0,19750.5,314847,19746.75
2022-09-05,19868.76,19746.75,20059.4,19632.0,154459,18954.25
2022-09-06,19734.62,18954.25,20178.86,18651.53,326864,19395.07
2022-09-07,19004.06,19395.07,19450.5,18523.76,178763,19378.0
2022-09-08,19417.61,19378.0,19463.0,19010.99,258482,21257.6
2022-09-09,19349.53,21257.6,21435.44,19249.5,243623,22408.5
2022-09-12,21646.5,22408.5,22487.37,21442.17,196229,20231.75
2022-09-13,22398.3,20231.75,22793.37,20040.56,375778,19947.5
2022-09-14,20146.86,19947.5,20519.55,19605.54,288146,19831.75
2022-09-15,19915.52,19831.75,20391.16,19480.82,268729,19734.75
2022-09-16,19819.24,19734.75,19891.99,19321.07,259805,19513.0
2022-09-19,19666.78,19513.0,19694.28,18253.87,262095,18960.5
2022-09-20,19502.24,18960.5,19682.25,18711.84,252493,18886.75
2022-09-21,18942.19,18886.75,19909.42,18653.78,259387,19242.75
2022-09-22,18861.46,19242.75,19491.5,18132.39,303523,18884.0
2022-09-23,19256.31,18884.0,19518.62,18522.81,281517,19116.0
2022-09-26,18891.79,19116.0,19309.5,18619.75,242275,19047.0
2022-09-27,19096.76,19047.0,20377.09,18811.55,308186,19564.0
2022-09-28,18994.01,19564.0,19655.03,18459.87,278800,19489.25
2022-09-29,19564.31,19489.25,19767.98,18840.56,265052,19400.25
2022-09-30,19490.25,19400.25,20181.5,19134.25,197128,19590.0
2022-10-03,19213.55,19590.0,19647.75,18915.98,234794,20355.0
2022-10-04,19560.31,20355.0,20455.08,19492.0,247039,20016.5
2022-10-05,20378.73,20016.5,20404.0,19737.28,213880,20039.25
2022-10-06,20003.5,20039.25,20445.0,19871.25,269357,19527.75
2022-10-07,20016.18,19527.75,20066.0,19315.83,192566,19235.75
2022-10-10,19469.65,19235.75,19527.0,19086.67,219672,19015.5
2022-10-11,19265.81,19015.5,19266.5,18847.23,199690,19158.0
2022-10-12,19010.06,19158.0,19197.25,18967.89,169156,19381.75
2022-10-13,19174.69,19381.75,19504.22,18139.64,124517,19171.5
2022-10-14,19387.62,19171.5,19943.79,19108.11,151696,19523.5
2022-10-17,19326.55,19523.5,19674.25,19095.19,158674,19370.0
2022-10-18,19503.63,19370.0,19700.25,19085.0,161151,19197.0
2022-10-19,19349.27,19197.0,19371.5,19064.0,157553,19021.5
2022-10-20,19198.21,19021.5,19343.5,18883.56,183324,19166.75
2022-10-21,18992.6,19166.75,19248.75,18655.18,139755,19372.0
2022-10-24,19493.35,19372.0,19696.25,19152.25,152432,20192.75
2022-10-25,19382.0,20192.75,20415.55,19234.25,158862,20754.75
2022-10-26,20167.92,20754.75,21017.92,19999.5,179787,20407.25
2022-10-27,20731.58,20407.25,20910.0,20243.9,159052,20644.63
2022-10-28,20386.5,20644.63,20753.5,19953.51,158821,20398.0
2022-10-31,20692.0,20398.0,20825.0,20226.0,39643,20467.0
2022-11-01,20393.0,20467.0,20668.0,20317.0,31857,20169.0
2022-11-02,20467.0,20169.0,20788.0,20090.0,33523,20228.0
2022-11-03,20163.0,20228.0,20378.0,20025.0,35308,21111.0
2022-11-04,20226.0,21111.0,21284.0,20150.0,45005,20656.0
2022-11-07,21114.0,20656.0,21164.0,20579.0,43519,18667.0
2022-11-08,20673.0,18667.0,20673.0,17826.0,74458,15742.0
2022-11-09,18683.0,15742.0,18708.0,15622.0,156904,17774.0
2022-11-10,15701.0,17774.0,18123.0,15542.0,151871,16752.0
2022-11-11,17787.0,16752.0,17833.0,16328.0,125231,16369.0
2022-11-14,16336.0,16369.0,17134.0,15775.0,106984,16862.0
2022-11-15,16360.0,16862.0,17086.0,16314.0,85928,16521.0
2022-11-16,16873.0,16521.0,16969.0,16337.0,72701,16671.0
2022-11-17,16516.0,16671.0,16729.0,16395.0,55623,16632.0
2022-11-18,16670.0,16632.0,16962.0,16523.0,47592,15589.0
2022-11-21,16238.0,15589.0,16318.0,15453.0,94567,16122.0
2022-11-22,15616.0,16122.0,16270.0,15586.0,83415,16465.0
2022-11-23,16112.0,16465.0,16658.0,16066.0,77578,16532.0
2022-11-24,16457.0,16532.0,16775.0,16430.0,65337,16494.0
2022-11-25,16530.0,16494.0,16612.0,16323.0,59484,16182.0
2022-11-28,16557.0,16182.0,16576.0,15977.0,72064,16445.0
2022-11-29,16185.0,16445.0,16524.0,16085.0,54712,17090.0
2022-11-30,16447.0,17090.0,17136.0,16412.0,59815,16919.0
2022-12-01,17093.0,16919.0,17279.0,16846.0,55453,17002.0
2022-12-02,16914.0,17002.0,17096.0,16786.0,45800,16957.0
2022-12-05,17102.0,16957.0,17405.0,16862.0,52701,16982.0
2022-12-06,16958.0,16982.0,17091.0,16903.0,33078,16820.0
2022-12-07,16974.0,16820.0,17122.0,16678.0,34356,17166.0
2022-12-08,16816.0,17166.0,17287.0,16727.0,29695,17098.0
2022-12-09,17170.0,17098.0,17326.0,17051.0,22112,17162.0
2022-12-12,17102.0,17162.0,17206.0,16866.0,21161,17736.0
2022-12-13,17167.0,17736.0,17950.0,17065.0,32273,17812.0
2022-12-14,17739.0,17812.0,18353.0,17651.0,44049,17377.0
2022-12-15,17815.0,17377.0,17844.0,17311.0,21831,16815.0
2022-12-16,17386.0,16815.0,17511.0,16730.0,28091,16573.0
2022-12-19,16745.0,16573.0,16841.0,16511.0,19287,16869.0
2022-12-20,16573.0,16869.0,17045.0,16267.0,30405,16772.0
2022-12-21,16868.0,16772.0,16914.0,16719.0,21240,16779.0
2022-12-22,16776.0,16779.0,16855.0,16550.0,20956,16801.0
2022-12-23,16774.0,16801.0,16912.0,16740.0,17150,16679.0
2022-12-27,16820.0,16679.0,16957.0,16567.0,15192,16508.0
2022-12-28,16678.0,16508.0,16764.0,16450.0,18970,16580.0
2022-12-29,16506.0,16580.0,16643.0,16450.0,15173,16573.0
2022-12-30,16581.0,16573.0,16638.0,16325.0,18252,16649.0
2023-01-03,16740.0,16649.0,16759.0,16590.0,15964,16809.0
2023-01-04,16647.0,16809.0,16974.0,16632.0,23008,16835.0
2023-01-05,16810.0,16835.0,16862.0,16745.0,14780,16908.0
2023-01-06,16834.0,16908.0,17018.0,16662.0,17041,17167.0
2023-01-09,16944.0,17167.0,17389.0,16941.0,27356,17453.0
2023-01-10,17170.0,17453.0,17483.0,17120.0,23110,17548.0
2023-01-11,17438.0,17548.0,17569.0,17298.0,22370,18810.0
2023-01-12,17549.0,18810.0,19099.0,17500.0,63405,19799.0
2023-01-13,18819.0,19799.0,19862.0,18707.0,56767,21122.0
2023-01-16,20894.0,21122.0,21431.0,20617.0,80116,21316.0
2023-01-17,21122.0,21316.0,21562.0,20848.0,67599,20761.0
2023-01-18,21304.0,20761.0,21628.0,20387.0,77611,20935.0
2023-01-19,20767.0,20935.0,21180.0,20616.0,52380,22318.0
2023-01-20,20923.0,22318.0,22422.0,20857.0,57479,22985.0
2023-01-23,22583.0,22985.0,23160.0,22490.0,75032,22875.0
2023-01-24,22989.0,22875.0,23156.0,22702.0,62631,23584.0
2023-01-25,22893.0,23584.0,23658.0,22320.0,73423,23064.0
2023-01-26,23584.0,23064.0,23792.0,22825.0,80439,23073.0
2023-01-27,23070.0,23073.0,23492.0,22533.0,65950,22726.0
2023-01-30,23784.0,22726.0,23873.0,22559.0,76663,22926.0
2023-01-31,22736.0,22926.0,23211.0,22497.0,60798,23667.0
2023-02-01,22940.0,23667.0,23788.0,22761.0,62935,23566.0
2023-02-02,23672.0,23566.0,24245.0,23514.0,69778,23348.0
2023-02-03,23424.0,23348.0,23706.0,23197.0,65345,22898.0
2023-02-06,22896.0,22898.0,23143.0,22630.0,48482,23204.0
2023-02-07,22901.0,23204.0,23340.0,22630.0,56796,22949.0
2023-02-08,23186.0,22949.0,23438.0,22663.0,51091,21831.0
2023-02-09,22948.0,21831.0,23001.0,21681.0,70788,21562.0
2023-02-10,21848.0,21562.0,21949.0,21465.0,57242,21617.0
2023-02-13,21731.0,21617.0,21889.0,21362.0,59113,22243.0
2023-02-14,21618.0,22243.0,22322.0,21538.0,56636,24160.0
2023-02-15,22242.0,24160.0,24288.0,22041.0,63344,24512.0
2023-02-16,24165.0,24512.0,25244.0,24096.0,89391,24620.0
2023-02-17,24528.0,24620.0,25009.0,23336.0,104807,24760.0
2023-02-20,24532.0,24760.0,25102.0,23824.0,88246,24176.0
2023-02-21,24761.0,24176.0,25242.0,24140.0,87305,23793.0
2023-02-22,24188.0,23793.0,24460.0,23568.0,102804,23872.0
2023-02-23,23791.0,23872.0,24590.0,23607.0,95482,23081.0
2023-02-24,23866.0,23081.0,24123.0,22826.0,82726,23373.0
2023-02-27,23554.0,23373.0,23880.0,23107.0,74637,23144.0
2023-02-28,23372.0,23144.0,23590.0,23017.0,63464,23534.0
2023-03-01,23138.0,23534.0,23993.0,23018.0,76728,23410.0
2023-03-02,23548.0,23410.0,23788.0,23177.0,58961,22244.0
2023-03-03,23400.0,22244.0,23550.0,21974.0,59885,22397.0
2023-03-06,22474.0,22397.0,22588.0,22258.0,39847,22037.0
2023-03-07,22400.0,22037.0,22544.0,21921.0,51864,21995.0
2023-03-08,22038.0,21995.0,22271.0,21827.0,53798,20234.0
2023-03-09,21993.0,20234.0,22000.0,20029.0,67878,20008.0
2023-03-10,20205.0,20008.0,20483.0,19551.0,106130,24222.0
2023-03-13,21464.0,24222.0,24585.0,21299.0,167276,24692.0
2023-03-14,24221.0,24692.0,26509.0,23999.0,142684,24389.0
2023-03-15,24633.0,24389.0,25279.0,23918.0,162892,24724.0
2023-03-16,24390.0,24724.0,25212.0,24199.0,127599,26780.0
2023-03-17,24747.0,26780.0,27018.0,24703.0,145420,28077.0
2023-03-20,27966.0,28077.0,28554.0,27213.0,148938,28157.0
2023-03-21,28066.0,28157.0,28511.0,27396.0,119471,27364.0
2023-03-22,28134.0,27364.0,28939.0,26649.0,69431,28313.0
2023-03-23,27383.0,28313.0,28815.0,27029.0,51614,27646.0
2023-03-24,28326.0,27646.0,28486.0,27435.0,62421,27032.0
2023-03-27,27794.0,27032.0,28150.0,26516.0,57520,27318.0
2023-03-28,27043.0,27318.0,27512.0,26621.0,41409,28381.0
2023-03-29,27303.0,28381.0,28639.0,27093.0,38526,28135.0
2023-03-30,28380.0,28135.0,29178.0,27686.0,45608,28430.0
2023-03-31,28142.0,28430.0,28651.0,27506.0,39995,27590.0
2023-04-03,28070.0,27590.0,28497.0,27469.0,40543,28260.0
2023-04-04,27576.0,28260.0,28442.0,27217.0,39137,28141.0
2023-04-05,28244.0,28141.0,28773.0,27805.0,37399,27993.0
2023-04-06,28144.0,27993.0,28233.0,27698.0,26006,27865.0
2023-04-07,27985.0,27865.0,28103.0,27772.0,16089,29124.0
2023-04-10,28126.0,29124.0,29310.0,28126.0,29609,30180.0
2023-04-11,29132.0,30180.0,30569.0,29105.0,37907,29953.0
2023-04-12,30184.0,29953.0,30498.0,29661.0,32113,30283.0
2023-04-13,29955.0,30283.0,30601.0,29813.0,28255,30453.0
2023-04-14,30272.0,30453.0,31010.0,29993.0,42921,29452.0
2023-04-17,30349.0,29452.0,30426.0,29235.0,27133,30388.0
2023-04-18,29445.0,30388.0,30480.0,29104.0,29044,29239.0
2023-04-19,30401.0,29239.0,30424.0,29010.0,36883,28202.0
2023-04-20,29235.0,28202.0,29247.0,27989.0,51847,27300.0
2023-04-21,28192.0,27300.0,28360.0,27158.0,45825,27440.0
2023-04-24,27497.0,27440.0,27990.0,26953.0,40588,27994.0
2023-04-25,27493.0,27994.0,28040.0,27176.0,28790,28279.0
2023-04-26,27966.0,28279.0,30012.0,27225.0,55554,29599.0
2023-04-27,28414.0,29599.0,29884.0,28089.0,68820,29360.0
2023-04-28,29625.0,29360.0,29780.0,28881.0,40596,27664.0
2023-05-01,29332.0,27664.0,29490.0,27654.0,39677,28682.0
2023-05-02,27664.0,28682.0,28886.0,27655.0,36239,28510.0
2023-05-03,28683.0,28510.0,28826.0,28116.0,42046,28864.0
2023-05-04,28519.0,28864.0,29371.0,28518.0,34605,29528.0
2023-05-05,28869.0,29528.0,29693.0,28749.0,37019,27538.0
2023-05-08,28941.0,27538.0,28986.0,27272.0,44942,27637.0
2023-05-09,27538.0,27637.0,27820.0,27356.0,29497,27872.0
2023-05-10,27648.0,27872.0,28321.0,26778.0,37879,27000.0
2023-05-11,27866.0,27000.0,27877.0,26706.0,41542,26455.0
2023-05-12,26999.0,26455.0,27086.0,25800.0,39068,27339.0
2023-05-15,26939.0,27339.0,27666.0,26712.0,29411,26949.0
2023-05-16,27341.0,26949.0,27376.0,26846.0,27282,27333.0
2023-05-17,26946.0,27333.0,27455.0,26538.0,28816,26715.0
2023-05-18,27326.0,26715.0,27489.0,26351.0,32934,26836.0
2023-05-19,26710.0,26836.0,27175.0,26632.0,23263,26892.0
2023-05-22,26836.0,26892.0,27081.0,26528.0,20779,27204.0
2023-05-23,26885.0,27204.0,27488.0,26792.0,21508,26397.0
2023-05-24,27204.0,26397.0,27244.0,26053.0,28318,26481.0
2023-05-25,26385.0,26481.0,26615.0,25856.0,23040,26756.0
2023-05-26,26479.0,26756.0,26937.0,26320.0,17999,27679.0
2023-05-29,27558.0,27679.0,28447.0,27526.0,26788,27760.0
2023-05-30,27679.0,27760.0,28048.0,27546.0,22106,27106.0
2023-05-31,27758.0,27106.0,27843.0,26831.0,24852,26864.0
2023-06-01,27106.0,26864.0,27342.0,26612.0,22563,27200.0
2023-06-02,26864.0,27200.0,27289.0,26504.0,23683,25622.0
2023-06-05,27234.0,25622.0,27455.0,25384.0,36244,26947.0
2023-06-06,25629.0,26947.0,27202.0,25327.0,36061,26357.0
2023-06-07,26931.0,26357.0,27376.0,26245.0,39457,26646.0
2023-06-08,26351.0,26646.0,26814.0,26121.0,24628,26436.0
2023-06-09,26636.0,26436.0,26773.0,26276.0,19352,25870.0
2023-06-12,26125.0,25870.0,26138.0,25612.0,28163,25831.0
2023-06-13,25882.0,25831.0,26407.0,25700.0,30430,24918.0
2023-06-14,25836.0,24918.0,26062.0,24791.0,23989,25456.0
2023-06-15,24892.0,25456.0,25467.0,24734.0,35474,26421.0
2023-06-16,25523.0,26421.0,26483.0,25108.0,34707,26706.0
2023-06-19,26452.0,26706.0,27034.0,26241.0,25215,28159.0
2023-06-20,26699.0,28159.0,28247.0,26633.0,40756,29930.0
2023-06-21,28156.0,29930.0,30755.0,28066.0,61367,30148.0
2023-06-22,29969.0,30148.0,30487.0,29538.0,46969,30904.0
2023-06-23,30147.0,30904.0,31404.0,29796.0,48606,30166.0
2023-06-26,30355.0,30166.0,30655.0,29924.0,37226,30627.0
2023-06-27,30149.0,30627.0,30991.0,30092.0,32600,30079.0
2023-06-28,30627.0,30079.0,30719.0,29844.0,31789,30393.0
2023-06-29,30080.0,30393.0,30815.0,30007.0,27234,30370.0
2023-06-30,30384.0,30370.0,31253.0,29435.0,59354,31114.0
2023-07-03,30581.0,31114.0,31378.0,30418.0,28632,30780.0
2023-07-04,31111.0,30780.0,31317.0,30617.0,22657,30460.0
2023-07-05,30782.0,30460.0,30863.0,30177.0,21111,30296.0
2023-07-06,30455.0,30296.0,31496.0,29882.0,37996,30245.0
2023-07-07,30301.0,30245.0,30440.0,29705.0,28509,30769.0
2023-07-10,30185.0,30769.0,31050.0,29946.0,22205,30555.0
2023-07-11,30764.0,30555.0,30806.0,30188.0,23105,30323.0
2023-07-12,30557.0,30323.0,30956.0,30190.0,24158,31338.0
2023-07-13,30336.0,31338.0,31811.0,30234.0,34894,30196.0
2023-07-14,31369.0,30196.0,31623.0,29905.0,38631,29928.0
2023-07-17,30273.0,29928.0,30379.0,29662.0,21599,29765.0
2023-07-18,29926.0,29765.0,30285.0,29518.0,24007,29947.0
2023-07-19,29770.0,29947.0,30184.0,29743.0,18829,29717.0
2023-07-20,29955.0,29717.0,30409.0,29570.0,22960,29869.0
2023-07-21,29722.0,29869.0,30047.0,29712.0,13662,29130.0
2023-07-24,30131.0,29130.0,30131.0,28831.0,22010,29213.0
2023-07-25,29130.0,29213.0,29365.0,29033.0,11492,29580.0
2023-07-26,29215.0,29580.0,29668.0,29081.0,15220,29119.0
2023-07-27,29565.0,29119.0,29645.0,29062.0,13904,29317.0
2023-07-28,29125.0,29317.0,29523.0,29103.0,11336,29193.0
2023-07-31,29264.0,29193.0,29517.0,29093.0,11948,29199.0
2023-08-01,29191.0,29199.0,29331.0,28553.0,16899,29099.0
2023-08-02,29202.0,29099.0,30028.0,28897.0,24203,29273.0
2023-08-03,29105.0,29273.0,29385.0,28925.0,13704,28874.0
2023-08-04,29265.0,28874.0,29302.0,28765.0,11919,29150.0
2023-08-07,29068.0,29150.0,29173.0,28650.0,13833,29976.0
2023-08-08,29147.0,29976.0,29993.0,29096.0,17405,29460.0
2023-08-09,29985.0,29460.0,30214.0,29332.0,18711,29400.0
2023-08-10,29467.0,29400.0,29694.0,29289.0,11470,29371.0
2023-08-11,29408.0,29371.0,29523.0,29203.0,8490,29360.0
2023-08-14,29392.0,29360.0,29655.0,29065.0,13258,29156.0
2023-08-15,29356.0,29156.0,29448.0,29036.0,8968,28916.0
2023-08-16,29156.0,28916.0,29215.0,28805.0,12474,27573.0
2023-08-17,28921.0,27573.0,28941.0,27478.0,26552,26091.0
2023-08-18,27620.0,26091.0,27682.0,24860.62,49728,26099.0
2023-08-21,26219.0,26099.0,26228.0,25803.0,15999,25846.0
2023-08-22,26095.0,25846.0,26231.0,25705.0,15542,26579.0
2023-08-23,25843.0,26579.0,26792.0,25318.0,26457,26002.0
2023-08-24,26579.0,26002.0,26608.0,25842.0,20131,26032.0
2023-08-25,26003.0,26032.0,26277.0,25743.0,18581,25967.0
2023-08-28,26079.0,25967.0,26223.0,25836.0,12826,27583.0
2023-08-29,25967.0,27583.0,28129.0,25897.0,32492,27245.0
2023-08-30,27564.0,27245.0,27767.0,27007.0,23018,25967.0
2023-08-31,27241.0,25967.0,27554.0,25900.0,26544,25738.0
2023-09-01,26004.0,25738.0,26128.0,25306.0,29813,25818.0
2023-09-04,26043.0,25818.0,26084.0,25704.0,11853,25691.0
2023-09-05,25814.0,25691.0,25869.0,25542.0,15685,25656.0
2023-09-06,25693.0,25656.0,26007.0,25359.0,16321,25998.0
2023-09-07,25655.0,25998.0,25999.0,25587.0,11125,25881.0
2023-09-08,25986.0,25881.0,26437.0,25629.0,18772,25060.0
2023-09-11,25803.0,25060.0,26009.0,24889.0,25116,26063.0
2023-09-12,25075.0,26063.0,26514.0,25057.0,33507,26220.0
2023-09-13,26059.0,26220.0,26398.0,25752.0,24175,26566.0
2023-09-14,26212.0,26566.0,26841.0,26122.0,21894,26411.0
2023-09-15,26565.0,26411.0,26683.0,26212.0,13188,26759.0
2023-09-18,26432.0,26759.0,27408.0,26376.0,25125,27174.0
2023-09-19,26760.0,27174.0,27482.0,26664.0,25489,27066.0
2023-09-20,27178.0,27066.0,27383.0,26786.0,23485,26588.0
2023-09-21,27083.0,26588.0,27227.0,26358.0,22188,26521.0
2023-09-22,26587.0,26521.0,26725.0,26460.0,12273,26294.0
2023-09-25,26493.0,26294.0,26513.0,25980.0,18348,26137.0
2023-09-26,26275.0,26137.0,26379.0,26070.0,10724,26227.0
2023-09-27,26135.0,26227.0,26821.0,26071.0,17892,27092.0
2023-09-28,26226.0,27092.0,27295.0,26216.0,24280,26883.0
2023-09-29,27076.0,26883.0,27233.0,26654.0,19900,27822.0
2023-10-02,27104.0,27822.0,28589.0,27086.0,41095,27382.0
2023-10-03,27829.0,27382.0,27864.0,27151.0,26239,27647.0
2023-10-04,27386.0,27647.0,27826.0,27199.0,23772,27452.0
2023-10-05,27639.0,27452.0,28118.0,27356.0,23899,27978.0
2023-10-06,27467.0,27978.0,28047.0,27166.0,26051,27568.0
2023-10-09,27906.0,27568.0,27990.0,27257.0,25841,27390.0
2023-10-10,27564.0,27390.0,27728.0,27286.0,17909,26695.0
2023-10-11,27393.0,26695.0,27465.0,26506.0,24460,26715.0
2023-10-12,26701.0,26715.0,26925.0,26535.0,17150,26929.0
2023-10-13,26725.0,26929.0,27046.0,26660.0,11478,28349.0
2023-10-16,27193.0,28349.0,30506.49,27027.0,42102,28456.0
2023-10-17,28400.0,28456.0,28619.0,28067.0,28888,28241.0
2023-10-18,28443.0,28241.0,28978.0,28138.0,22119,28704.0
2023-10-19,28245.0,28704.0,28911.0,28111.0,25918,29607.0
2023-10-20,28716.0,29607.0,30192.0,28581.0,42275,31537.0
2023-10-23,29845.0,31537.0,31828.0,29711.0,55313,33631.0
2023-10-24,31530.0,33631.0,35214.0,31426.0,114127,34670.0
2023-10-25,33642.0,34670.0,35124.0,33462.0,70243,34177.0
2023-10-26,34662.0,34177.0,34818.0,33729.0,48799,33776.0
2023-10-27,34173.0,33776.0,34272.0,33363.0,35294,34434.0
2023-10-30,34580.0,34434.0,34851.0,34055.0,30278,34628.0
2023-10-31,34417.0,34628.0,34719.0,34035.0,31954,35279.0
2023-11-01,34624.0,35279.0,35354.0,34079.0,38982,34906.0
2023-11-02,35427.0,34906.0,35985.0,34296.0,56596,34632.0
2023-11-03,34898.0,34632.0,34962.0,34108.0,41129,35005.0
2023-11-06,34671.0,35005.0,35389.0,34654.0,34634,35500.0
2023-11-07,35013.0,35500.0,35889.0,34519.0,39802,35570.0
2023-11-08,35476.0,35570.0,35892.0,35094.0,32067,36516.0
2023-11-09,35576.0,36516.0,37987.0,35538.0,87505,37335.0
2023-11-10,36517.0,37335.0,37461.0,36313.0,49070,36502.0
2023-11-13,37160.0,36502.0,37420.0,36333.0,41993,35577.0
2023-11-14,36477.0,35577.0,36736.0,34617.28,45058,37633.0
2023-11-15,35564.0,37633.0,37838.0,35333.0,48994,35971.0
2023-11-16,37627.0,35971.0,37967.0,35494.0,62485,36381.0
2023-11-17,35949.0,36381.0,36717.0,35856.0,49589,37412.0
2023-11-20,37004.0,37412.0,37760.0,36653.0,43002,36818.0
2023-11-21,37428.0,36818.0,37667.0,36249.0,48830,37446.0
2023-11-22,36829.0,37446.0,37828.0,35633.0,53165,37236.0
2023-11-23,37573.61,37236.0,37758.58,36871.0,28862,37829.0
2023-11-24,37236.0,37829.0,38418.0,37199.0,34845,37010.0
2023-11-27,37619.0,37010.0,37749.0,36704.0,30926,37984.0
2023-11-28,37017.0,37984.0,38397.0,36859.0,29744,37701.0
2023-11-29,37951.0,37701.0,38443.0,37569.0,28946,37731.0
2023-11-30,37728.0,37731.0,38132.0,37480.0,20680,38838.0
2023-12-01,37732.0,38838.0,38982.0,37598.0,29371,42024.0
2023-12-04,39710.0,42024.0,42154.0,39690.0,53524,44011.0
2023-12-05,42023.0,44011.0,44215.0,41374.0,52046,43790.0
2023-12-06,43880.0,43790.0,44483.0,43347.0,49117,43373.0
2023-12-07,43809.0,43373.0,44031.0,42819.0,38109,44352.0
2023-12-08,43372.0,44352.0,44720.0,43029.0,28864,41073.0
2023-12-11,43790.0,41073.0,43886.0,40138.0,71007,41031.0
2023-12-12,41158.0,41031.0,42078.0,40630.0,43820,42918.0
2023-12-13,41065.0,42918.0,43169.0,40487.0,41945,42960.0
2023-12-14,42976.0,42960.0,43462.0,41586.0,42147,42169.0
2023-12-15,42978.0,42169.0,43181.0,41640.0,30914,42581.0
2023-12-18,41864.0,42581.0,42732.0,40486.0,46289,42449.0
2023-12-19,42598.0,42449.0,43450.0,41774.0,45251,43378.0
2023-12-20,42483.0,43378.0,44276.0,42176.0,46338,43982.0
2023-12-21,43403.0,43982.0,44233.0,43276.0,38677,43740.0
2023-12-22,43986.0,43740.0,44408.0,43406.0,33629,43537.0
2023-12-25,43505.0,43537.0,43795.0,42546.0,26238,42315.0
2023-12-26,43522.0,42315.0,43729.0,41606.0,34447,43342.0
2023-12-27,42320.0,43342.0,43559.0,42100.0,30574,42416.0
2023-12-28,43360.0,42416.0,43804.0,42269.0,36724,41895.0
2023-12-29,42453.0,41895.0,43124.0,41644.0,38631,43596.0
2024-01-01,42486.0,43596.0,43828.0,42048.0,23950,45042.0
2024-01-02,43621.0,45042.0,45918.0,43369.0,59676,42888.0
2024-01-03,45119.0,42888.0,45500.0,41350.0,72603,44428.0
2024-01-04,42920.0,44428.0,44641.0,42591.0,52572,43843.0
2024-01-05,44471.0,43843.0,44780.0,42405.0,56515,47082.0
2024-01-08,44240.0,47082.0,47287.0,43184.0,69532,45554.0
2024-01-09,47096.0,45554.0,47971.0,44789.0,63065,45885.0
2024-01-10,45413.0,45885.0,46694.0,44305.0,82071,46151.0
2024-01-11,45922.0,46151.0,49013.0,45535.0,85344,43410.0
2024-01-12,46139.0,43410.0,46503.0,43121.0,67754,42698.0
2024-01-15,42510.0,42698.0,43313.0,41668.0,46167,43392.0
2024-01-16,42666.0,43392.0,43556.0,42020.0,43061,42635.0
2024-01-17,43418.0,42635.0,43480.0,42134.0,33172,41054.0
2024-01-18,42618.0,41054.0,42867.55,40480.0,40192,41633.0
2024-01-19,41039.0,41633.0,42129.0,40231.0,44919,39794.0
2024-01-22,41748.0,39794.0,41750.0,39363.0,51309,39187.0
2024-01-23,39787.0,39187.0,40132.0,38487.0,62313,39741.0
2024-01-24,39165.0,39741.0,40511.0,39147.0,49527,39897.0
2024-01-25,39756.0,39897.0,40265.0,39504.0,35143,41967.0
2024-01-26,39888.0,41967.0,42228.0,39788.0,42241,43187.0
2024-01-29,41950.0,43187.0,43285.0,41600.0,34948,43523.0
2024-01-30,43158.0,43523.0,43851.0,43060.0,33785,42403.0
2024-01-31,43528.0,42403.0,43723.0,42247.0,45084,43105.0
2024-02-01,42443.0,43105.0,43254.0,41829.0,38872,42974.0
2024-02-02,43062.0,42974.0,43444.0,42518.0,28075,42334.0
2024-02-05,42753.0,42334.0,43505.0,42205.0,30819,43160.0
2024-02-06,42317.0,43160.0,43341.0,42262.0,27795,44163.0
2024-02-07,43133.0,44163.0,44375.0,42744.0,29450,45332.0
2024-02-08,44172.0,45332.0,45599.0,44110.0,38896,47538.0
2024-02-09,45314.0,47538.0,48198.0,45221.0,61618,49843.0
2024-02-12,48117.0,49843.0,50326.0,47694.0,53203,49508.0
2024-02-13,49826.0,49508.0,50382.0,48271.0,47335,51775.0
2024-02-14,49545.0,51775.0,52032.0,49202.0,53047,51392.0
2024-02-15,51759.0,51392.0,52828.0,51345.0,52241,51989.0
2024-02-16,51354.0,51989.0,52594.0,51346.0,39977,51870.0
2024-02-19,51867.0,51870.0,52482.0,51673.0,31829,52045.0
2024-02-20,51889.0,52045.0,52984.0,50740.0,46857,51352.0
2024-02-21,52018.0,51352.0,52514.0,50599.0,43367,51593.0
2024-02-22,51366.0,51593.0,52037.0,50895.0,33097,50998.0
2024-02-23,51627.0,50998.0,51686.0,50609.0,29327,54628.0
2024-02-26,51754.0,54628.0,54949.0,50886.0,41240,56645.0
2024-02-27,54643.0,56645.0,57596.0,54462.0,65106,60490.0
2024-02-28,56714.0,60490.0,64060.0,56651.0,94885,61409.0
2024-02-29,60511.0,61409.0,63656.0,60338.0,96844,62632.0
2024-03-01,61410.0,62632.0,63203.0,60721.0,60547,67472.0
2024-03-04,62831.0,67472.0,67910.02,62261.0,101785,63281.0
2024-03-05,67478.0,63281.0,69108.0,59082.07,148107,66530.0
2024-03-06,63302.0,66530.0,67633.0,62517.0,128369,67325.0
2024-03-07,66442.0,67325.0,68061.0,65565.0,74927,68396.0
2024-03-08,67328.0,68396.0,70121.0,66128.0,75042,72042.0
2024-03-11,69427.0,72042.0,72861.0,67069.0,73052,70996.0
2024-03-12,72124.0,70996.0,72986.0,68560.0,68897,73183.0
2024-03-13,71038.0,73183.0,73483.0,70525.45,51923,70923.0
2024-03-14,73138.0,70923.0,73796.0,68485.0,75414,67889.0
2024-03-15,70662.0,67889.0,72371.0,66672.0,116523,67218.0
2024-03-18,68242.0,67218.0,68904.0,66549.0,83710,63732.0
2024-03-19,67344.0,63732.0,68100.0,62297.0,125654,66956.0
2024-03-20,63722.0,66956.0,67785.0,60754.0,139451,65206.0
2024-03-21,67051.0,65206.0,68216.0,64510.0,98880,63485.0
2024-03-22,65450.0,63485.0,66625.0,62538.0,88017,70848.0
2024-03-25,66128.0,70848.0,71159.0,66126.0,77126,69675.0
2024-03-26,70933.0,69675.0,71571.0,69262.0,66506,68785.0
2024-03-27,69804.0,68785.0,71729.0,68343.0,77146,70726.0
2024-03-28,68842.0,70726.0,71539.0,68829.0,60051,69626.0
2024-03-29,70693.0,69626.0,71062.0,69027.0,39424,69740.0
2024-04-01,70802.0,69740.0,71365.0,68029.0,52007,65733.0
2024-04-02,69741.0,65733.0,69918.0,64540.0,96032,65728.0
2024-04-03,65661.0,65728.0,66930.0,64488.0,66260,67934.0
2024-04-04,65728.0,67934.0,69323.0,65068.0,62851,67678.0
2024-04-05,67940.0,67678.0,68775.0,65957.0,77099,71645.0
2024-04-08,69300.0,71645.0,72712.0,68894.0,58499,69059.0
2024-04-09,71681.0,69059.0,71977.0,68171.0,70111,69757.0
2024-04-10,69112.0,69757.0,70110.0,67442.0,62880,70475.0
2024-04-11,69780.0,70475.0,71282.0,69524.0,54939,66987.0
2024-04-12,70482.0,66987.0,71215.0,64894.89,62155,63172.79
2024-04-15,63847.68,63172.79,66929.43,62297.36,318458,63036.31
2024-04-16,63169.43,63036.31,63934.9,61633.89,356458,60881.86
2024-04-17,63015.6,60881.86,64515.53,59677.24,316942,63465.33
2024-04-18,60834.5,63465.33,64180.61,60805.13,341769,63982.58
2024-04-19,63467.1,63982.58,65504.46,59562.24,366224,66503.2
2024-04-22,64623.83,66503.2,66870.47,64506.2,299780,66275.27
2024-04-23,66482.78,66275.27,67276.08,65816.57,268125,64068.96
2024-04-24,66331.95,64068.96,67090.39,63535.2,279075,64838.08
2024-04-25,64100.47,64838.08,64974.74,62756.5,300235,63898.79
2024-04-26,64798.64,63898.79,65274.79,63279.93,252702,62932.36
2024-04-29,63678.86,62932.36,63730.81,61751.72,260322,59834.83
2024-04-30,62918.91,59834.83,64702.98,59058.82,302436,57346.73
2024-05-01,60000.91,57346.73,60991.37,56447.03,350348,58725.51
2024-05-02,57387.79,58725.51,59584.03,56888.0,330502,62871.36
2024-05-03,58784.25,62871.36,63224.03,58703.0,285165,63294.04
2024-05-06,63827.7,63294.04,65522.4,62683.48,275103,62957.64
2024-05-07,63341.24,62957.64,64405.17,62770.95,275350,61571.75
2024-05-08,63003.61,61571.75,63152.38,61417.48,288601,62626.57
2024-05-09,61622.13,62626.57,62667.57,60591.63,273421,60452.32
2024-05-10,62682.96,60452.32,63474.13,60152.62,271260,63081.07
2024-05-13,61356.42,63081.07,63447.08,60714.46,280118,61526.32
2024-05-14,63100.5,61526.32,63118.48,61019.8,256313,65978.74
2024-05-15,61574.33,65978.74,66459.47,61296.55,279990,65261.9
2024-05-16,65953.36,65261.9,66754.71,64560.65,283465,66922.28
2024-05-17,65275.11,66922.28,67497.0,65100.16,238942,69469.36
2024-05-20,66138.16,69469.36,70457.41,65981.91,199653,69701.36
2024-05-21,69483.47,69701.36,71947.89,68921.4,252783,69389.94
2024-05-22,69660.28,69389.94,70658.9,69192.08,246156,67767.89
2024-05-23,69391.57,67767.89,70055.89,66223.83,272209,68889.87
2024-05-24,67770.36,68889.87,69249.54,66567.21,270015,69543.47
2024-05-27,68691.34,69543.47,70593.73,68026.41,146060,68206.49
2024-05-28,69537.01,68206.49,69795.31,67148.43,222394,67402.07
2024-05-29,68279.8,67402.07,68839.88,67057.93,198042,68438.35
2024-05-30,67440.72,68438.35,69498.03,67075.68,201276,67617.98
2024-05-31,68437.62,67617.98,69019.0,66552.89,176773,67741.08
2024-06-01,67594.83,67741.08,67789.0,67361.87,50307,67784.13
2024-06-02,67730.4,67784.13,68422.67,67247.02,129133,69088.85
2024-06-03,67762.37,69088.85,70284.61,67552.06,200766,70452.31
2024-06-04,69059.1,70452.31,71088.46,68532.55,209993,71230.81
2024-06-05,70400.1,71230.81,71787.97,70294.6,194713,70701.22
2024-06-06,71202.11,70701.22,71657.52,70078.59,174419,69208.51
2024-06-07,70632.21,69208.51,71943.14,68101.65,151674,69363.84
2024-06-08,69467.54,69363.84,69567.52,69116.88,52725,69689.71
2024-06-09,69294.68,69689.71,69865.31,69106.2,87618,69631.87
2024-06-10,69595.35,69631.87,70161.65,69134.73,127528,67209.72
2024-06-11,69546.4,67209.72,69663.64,65966.27,214624,68073.62
2024-06-12,67209.97,68073.62,70015.49,66878.31,189627,66634.93
2024-06-13,68042.06,66634.93,68617.71,66198.58,261497,65704.07
2024-06-14,66595.65,65704.07,67325.79,64966.99,257743,66015.47
2024-06-15,65955.76,66015.47,66374.18,65807.38,98763,66446.97
2024-06-16,65999.89,66446.97,66754.26,65970.34,121170,66412.82
2024-06-17,66430.83,66412.82,67264.21,64991.96,253826,64889.18
2024-06-18,66360.91,64889.18,66710.46,63946.76,254896,64830.17
2024-06-19,64934.48,64830.17,65708.54,64606.74,132987,65025.15
2024-06-20,64888.53,65025.15,66454.17,64493.0,161657,64095.19
2024-06-21,65144.25,64095.19,65154.24,63261.12,177602,64264.78
2024-06-22,64114.38,64264.78,64491.02,63891.31,43457,63644.9
2024-06-23,64295.18,63644.9,64490.42,63560.44,74012,59456.15
2024-06-24,63658.62,59456.15,63849.68,58388.0,198232,61889.43
2024-06-25,59467.5,61889.43,62385.58,59336.91,163050,60928.16
2024-06-26,61909.81,60928.16,62473.21,60640.39,158536,61418.2
2024-06-27,60974.84,61418.2,62307.78,60555.81,168192,60070.27
2024-06-28,61386.06,60070.27,62160.02,59834.99,153599,60930.97
2024-06-29,60228.64,60930.97,61252.54,60201.69,44449,61891.32
2024-06-30,61074.73,61891.32,62272.27,60597.4,116026,63220.93
2024-07-01,62027.68,63220.93,63788.65,61724.29,218515,61907.31
2024-07-02,63269.31,61907.31,63269.31,61715.58,241084,59571.01
2024-07-03,62011.7,59571.01,62192.31,59421.58,218385,58274.35
2024-07-04,59589.37,58274.35,60405.36,56714.95,279192,56339.47
2024-07-05,58322.76,56339.47,58715.31,53411.55,269124,57982.97
2024-07-06,56623.15,57982.97,58213.02,56016.91,83364,57275.61
2024-07-07,57956.17,57275.61,58479.71,56571.44,119331,56211.65
2024-07-08,57369.81,56211.65,58200.95,54268.75,233898,57884.56
2024-07-09,56294.0,57884.56,58285.56,56139.14,196801,57359.89
2024-07-10,58003.11,57359.89,59466.85,57121.99,223039,57539.73
2024-07-11,57503.66,57539.73,59556.0,57000.99,223994,57574.31
2024-07-12,57612.54,57574.31,58545.42,56519.58,193071,58626.94
2024-07-13,57816.78,58626.94,58968.05,57722.67,50912,60133.49
2024-07-14,58697.35,60133.49,60348.38,58290.74,132460,63809.17
2024-07-15,60187.71,63809.17,63869.79,60037.21,215311,64747.98
2024-07-16,63795.73,64747.98,65233.95,62413.22,273585,64527.11
2024-07-17,64674.68,64527.11,66136.22,63836.77,252803,63795.52
2024-07-18,64521.61,63795.52,65124.63,63224.24,248022,66963.26
2024-07-19,63792.72,66963.26,67457.02,63281.57,223241,67392.2
2024-07-20,66765.5,67392.2,67622.89,66225.28,69628,67734.75
2024-07-21,67375.79,67734.75,68235.86,65805.37,174399,68116.12
2024-07-22,67757.37,68116.12,68495.15,66552.23,226116,65894.51
2024-07-23,68121.13,65894.51,68193.89,65441.65,267615,66026.92
2024-07-24,65895.42,66026.92,67125.91,65461.88,239862,65107.36
2024-07-25,66125.17,65107.36,66125.17,63381.5,285610,67424.29
2024-07-26,65320.06,67424.29,68156.79,65216.55,266899,67896.24
2024-07-27,67939.82,67896.24,69445.51,66636.34,109177,67999.35
2024-07-28,67764.18,67999.35,69135.44,67046.33,158275,67374.12
2024-07-29,68103.99,67374.12,70017.63,66366.14,246855,66127.65
2024-07-30,67402.76,66127.65,67546.61,65279.57,179061,64554.11
2024-07-31,66144.96,64554.11,66820.76,64501.91,123739,64589.77
2024-08-01,64565.31,64589.77,65119.18,62227.54,146519,62586.46
2024-08-02,64685.44,62586.46,65598.89,62042.51,171050,60293.68
2024-08-03,61317.11,60293.68,62054.86,59879.95,112611,59154.02
2024-08-04,60363.79,59154.02,61083.85,57290.78,91491,54135.11
2024-08-05,59123.38,54135.11,59167.83,49549.59,220409,56539.93
2024-08-06,54399.78,56539.93,57072.11,53909.55,193230,55018.31
2024-08-07,56561.61,55018.31,57743.02,54641.85,226017,59565.32
2024-08-08,55142.03,59565.32,59886.88,54566.04,255417,60739.79
2024-08-09,59516.2,60739.79,62744.33,59501.0,166087,61032.78
2024-08-10,60783.05,61032.78,61457.31,60267.62,6608,58583.47
2024-08-11,61010.8,58583.47,61387.39,58361.72,9086,58848.63
2024-08-12,58522.54,58848.63,60699.0,57652.0,91259,60604.8
2024-08-13,58849.49,60604.8,61587.17,58432.07,207683,59129.01
2024-08-14,60576.83,59129.01,61805.67,58713.63,218293,56391.02
2024-08-15,59151.0,56391.02,59856.85,56237.88,197151,59269.64
2024-08-16,56672.16,59269.64,59848.52,56612.0,143656,59135.08
2024-08-19,59862.07,59135.08,59862.07,57816.14,141750,59329.27
2024-08-20,59096.08,59329.27,61430.85,58559.34,110881,61190.75
2024-08-21,59307.75,61190.75,61844.23,58778.47,169006,60616.24
2024-08-22,61240.91,60616.24,61517.21,59745.49,195763,63665.98
2024-08-23,60683.16,63665.98,63853.06,60297.76,141387,63458.74
2024-08-26,64255.23,63458.74,65077.65,63053.88,186125,61852.51
2024-08-27,63435.89,61852.51,63454.11,61444.69,166752,59327.4
2024-08-28,61857.14,59327.4,62024.69,57840.77,204183,59473.62
2024-08-29,59311.28,59473.62,61177.37,58821.27,152436,58997.81
2024-08-30,59515.54,58997.81,59910.93,57713.65,139057,58982.87
2024-09-02,58533.53,58982.87,59227.41,57109.57,248686,58173.17
2024-09-03,58976.55,58173.17,59799.87,57544.12,394019,58066.69
2024-09-04,58209.94,58066.69,58510.31,55595.89,371532,56082.95
2024-09-05,58029.83,56082.95,58375.55,55771.34,356527,52827.5
2024-09-06,56073.54,52827.5,56980.79,52633.07,373778,54180.85
2024-09-07,53619.45,54180.85,54836.66,53583.48,360437,54374.7
2024-09-08,53942.61,54374.7,54660.43,53623.3,329385,56977.64
2024-09-09,54370.55,56977.64,57175.86,54329.03,394348,57585.62
2024-09-10,57005.15,57585.62,58041.27,56512.79,369673,57483.18
2024-09-11,57562.53,57483.18,57980.85,55542.57,401311,58173.08
2024-09-12,57482.13,58173.08,58529.16,57210.75,414303,59916.07
2024-09-13,58189.91,59916.07,60001.13,57627.39,404940,60035.77
2024-09-14,60617.22,60035.77,60627.79,59412.1,380013,59816.25
2024-09-15,60007.75,59816.25,60379.88,59690.92,342156,57639.03
2024-09-16,59791.59,57639.03,59793.8,57485.65,410326,60152.67
2024-09-17,57673.25,60152.67,61317.15,57596.99,412460,60210.48
2024-09-18,60118.01,60210.48,61318.05,59162.82,392303,63037.89
2024-09-19,60215.1,63037.89,63855.37,60176.38,408563,62826.37
2024-09-20,63016.33,62826.37,64117.23,62340.79,388540,63137.03
2024-09-21,63290.29,63137.03,63391.33,63060.47,90033,
